url,finalUrl,status,title,h1Count,canonical,robots,contentLength,internalLinks,externalLinks,hasMetaDescription,metaDescription,lastModified
https://toolbox.curioboxapp.info,https://toolbox.curioboxapp.info/en,200,Toolbox,1,,"index, follow",109553,5,0,,A collection of useful tools for everyone,2026-03-28T06:51:01.839Z
https://toolbox.curioboxapp.info/en,https://toolbox.curioboxapp.info/en,200,Toolbox,1,,"index, follow",109553,5,0,,A collection of useful tools for everyone,2026-03-28T06:51:02.048Z
https://toolbox.curioboxapp.info/de,https://toolbox.curioboxapp.info/de,200,Toolbox,1,,"index, follow",104838,5,0,,Eine Sammlung nützlicher Tools für alle,2026-03-28T06:51:02.320Z
https://toolbox.curioboxapp.info/tr,https://toolbox.curioboxapp.info/tr,200,Toolbox,1,,"index, follow",111000,5,0,,Herkes için faydalı araçlar koleksiyonu,2026-03-28T06:51:02.698Z
https://toolbox.curioboxapp.info/fr,https://toolbox.curioboxapp.info/fr,200,Toolbox,1,,"index, follow",106575,5,0,,Une collection d&#x27;outils utiles pour tous,2026-03-28T06:51:02.917Z
https://toolbox.curioboxapp.info/pt,https://toolbox.curioboxapp.info/pt,200,Toolbox,1,,"index, follow",104307,5,0,,Uma coleção de ferramentas úteis para todos,2026-03-28T06:51:03.159Z
https://toolbox.curioboxapp.info/es,https://toolbox.curioboxapp.info/es,200,Toolbox,1,,"index, follow",105925,5,0,,Una colección de herramientas útiles para todos,2026-03-28T06:51:03.446Z
https://toolbox.curioboxapp.info/it,https://toolbox.curioboxapp.info/it,200,Toolbox,1,,"index, follow",103146,5,0,,Una raccolta di strumenti utili per tutti,2026-03-28T06:51:03.656Z
https://toolbox.curioboxapp.info/nl,https://toolbox.curioboxapp.info/nl,200,Toolbox,1,,"index, follow",103061,5,0,,Een verzameling handige tools voor iedereen,2026-03-28T06:51:03.878Z
https://toolbox.curioboxapp.info/ja,https://toolbox.curioboxapp.info/ja,200,Toolbox,1,,"index, follow",83359,5,0,,みんなのための便利なツール集,2026-03-28T06:51:04.144Z
https://toolbox.curioboxapp.info/ru,https://toolbox.curioboxapp.info/ru,200,Toolbox,1,,"index, follow",103579,5,0,,Коллекция полезных инструментов для всех,2026-03-28T06:51:04.397Z
https://toolbox.curioboxapp.info/en/tools/base64,https://toolbox.curioboxapp.info/en/tools/base64,200,Toolbox,1,https://toolbox.curioboxapp.info/en/tools,"index, follow",125795,5,0,,A collection of useful tools for everyone,2026-03-28T06:51:04.665Z
https://toolbox.curioboxapp.info/de/tools/base64,https://toolbox.curioboxapp.info/de/tools/base64,200,Toolbox,1,https://toolbox.curioboxapp.info/de/tools,"index, follow",119827,5,0,,Eine Sammlung nützlicher Tools für alle,2026-03-28T06:51:04.894Z
https://toolbox.curioboxapp.info/tr/tools/base64,https://toolbox.curioboxapp.info/tr/tools/base64,200,Toolbox,1,https://toolbox.curioboxapp.info/tr/tools,"index, follow",126039,5,0,,Herkes için faydalı araçlar koleksiyonu,2026-03-28T06:51:05.174Z
https://toolbox.curioboxapp.info/fr/tools/base64,https://toolbox.curioboxapp.info/fr/tools/base64,200,Toolbox,1,https://toolbox.curioboxapp.info/fr/tools,"index, follow",121506,5,0,,Une collection d&#x27;outils utiles pour tous,2026-03-28T06:51:05.431Z
https://toolbox.curioboxapp.info/pt/tools/base64,https://toolbox.curioboxapp.info/pt/tools/base64,200,Toolbox,1,https://toolbox.curioboxapp.info/pt/tools,"index, follow",119206,5,0,,Uma coleção de ferramentas úteis para todos,2026-03-28T06:51:05.741Z
https://toolbox.curioboxapp.info/es/tools/base64,https://toolbox.curioboxapp.info/es/tools/base64,200,Toolbox,1,https://toolbox.curioboxapp.info/es/tools,"index, follow",120890,5,0,,Una colección de herramientas útiles para todos,2026-03-28T06:51:05.935Z
https://toolbox.curioboxapp.info/it/tools/base64,https://toolbox.curioboxapp.info/it/tools/base64,200,Toolbox,1,https://toolbox.curioboxapp.info/it/tools,"index, follow",118004,5,0,,Una raccolta di strumenti utili per tutti,2026-03-28T06:51:06.200Z
https://toolbox.curioboxapp.info/nl/tools/base64,https://toolbox.curioboxapp.info/nl/tools/base64,200,Toolbox,1,https://toolbox.curioboxapp.info/nl/tools,"index, follow",117977,5,0,,Een verzameling handige tools voor iedereen,2026-03-28T06:51:06.453Z
https://toolbox.curioboxapp.info/ja/tools/base64,https://toolbox.curioboxapp.info/ja/tools/base64,200,Toolbox,1,https://toolbox.curioboxapp.info/ja/tools,"index, follow",97735,5,0,,みんなのための便利なツール集,2026-03-28T06:51:06.690Z
https://toolbox.curioboxapp.info/ru/tools/base64,https://toolbox.curioboxapp.info/ru/tools/base64,200,Toolbox,1,https://toolbox.curioboxapp.info/ru/tools,"index, follow",118477,5,0,,Коллекция полезных инструментов для всех,2026-03-28T06:51:06.902Z
https://toolbox.curioboxapp.info/en/tools/case-converter,https://toolbox.curioboxapp.info/en/tools/case-converter,200,Toolbox,1,https://toolbox.curioboxapp.info/en/tools,"index, follow",119015,5,0,,A collection of useful tools for everyone,2026-03-28T06:51:07.286Z
https://toolbox.curioboxapp.info/de/tools/case-converter,https://toolbox.curioboxapp.info/de/tools/case-converter,200,Toolbox,1,https://toolbox.curioboxapp.info/de/tools,"index, follow",113738,5,0,,Eine Sammlung nützlicher Tools für alle,2026-03-28T06:51:07.549Z
https://toolbox.curioboxapp.info/tr/tools/case-converter,https://toolbox.curioboxapp.info/tr/tools/case-converter,200,Toolbox,1,https://toolbox.curioboxapp.info/tr/tools,"index, follow",120302,5,0,,Herkes için faydalı araçlar koleksiyonu,2026-03-28T06:51:07.822Z
https://toolbox.curioboxapp.info/fr/tools/case-converter,https://toolbox.curioboxapp.info/fr/tools/case-converter,200,Toolbox,1,https://toolbox.curioboxapp.info/fr/tools,"index, follow",115427,5,0,,Une collection d&#x27;outils utiles pour tous,2026-03-28T06:51:08.046Z
https://toolbox.curioboxapp.info/pt/tools/case-converter,https://toolbox.curioboxapp.info/pt/tools/case-converter,200,Toolbox,1,https://toolbox.curioboxapp.info/pt/tools,"index, follow",113151,5,0,,Uma coleção de ferramentas úteis para todos,2026-03-28T06:51:08.290Z
https://toolbox.curioboxapp.info/es/tools/case-converter,https://toolbox.curioboxapp.info/es/tools/case-converter,200,Toolbox,1,https://toolbox.curioboxapp.info/es/tools,"index, follow",114821,5,0,,Una colección de herramientas útiles para todos,2026-03-28T06:51:08.503Z
https://toolbox.curioboxapp.info/it/tools/case-converter,https://toolbox.curioboxapp.info/it/tools/case-converter,200,Toolbox,1,https://toolbox.curioboxapp.info/it/tools,"index, follow",111988,5,0,,Una raccolta di strumenti utili per tutti,2026-03-28T06:51:08.738Z
https://toolbox.curioboxapp.info/nl/tools/case-converter,https://toolbox.curioboxapp.info/nl/tools/case-converter,200,Toolbox,1,https://toolbox.curioboxapp.info/nl/tools,"index, follow",111931,5,0,,Een verzameling handige tools voor iedereen,2026-03-28T06:51:08.949Z
https://toolbox.curioboxapp.info/ja/tools/case-converter,https://toolbox.curioboxapp.info/ja/tools/case-converter,200,Toolbox,1,https://toolbox.curioboxapp.info/ja/tools,"index, follow",91766,5,0,,みんなのための便利なツール集,2026-03-28T06:51:09.177Z
https://toolbox.curioboxapp.info/ru/tools/case-converter,https://toolbox.curioboxapp.info/ru/tools/case-converter,200,Toolbox,1,https://toolbox.curioboxapp.info/ru/tools,"index, follow",112411,5,0,,Коллекция полезных инструментов для всех,2026-03-28T06:51:09.387Z
https://toolbox.curioboxapp.info/en/tools/color-converter,https://toolbox.curioboxapp.info/en/tools/color-converter,200,Toolbox,1,https://toolbox.curioboxapp.info/en/tools,"index, follow",145494,5,0,,A collection of useful tools for everyone,2026-03-28T06:51:09.634Z
https://toolbox.curioboxapp.info/de/tools/color-converter,https://toolbox.curioboxapp.info/de/tools/color-converter,200,Toolbox,1,https://toolbox.curioboxapp.info/de/tools,"index, follow",140309,5,0,,Eine Sammlung nützlicher Tools für alle,2026-03-28T06:51:09.887Z
https://toolbox.curioboxapp.info/tr/tools/color-converter,https://toolbox.curioboxapp.info/tr/tools/color-converter,200,Toolbox,1,https://toolbox.curioboxapp.info/tr/tools,"index, follow",146944,5,0,,Herkes için faydalı araçlar koleksiyonu,2026-03-28T06:51:10.188Z
https://toolbox.curioboxapp.info/fr/tools/color-converter,https://toolbox.curioboxapp.info/fr/tools/color-converter,200,Toolbox,1,https://toolbox.curioboxapp.info/fr/tools,"index, follow",142143,5,0,,Une collection d&#x27;outils utiles pour tous,2026-03-28T06:51:10.431Z
https://toolbox.curioboxapp.info/pt/tools/color-converter,https://toolbox.curioboxapp.info/pt/tools/color-converter,200,Toolbox,1,https://toolbox.curioboxapp.info/pt/tools,"index, follow",139737,5,0,,Uma coleção de ferramentas úteis para todos,2026-03-28T06:51:10.643Z
https://toolbox.curioboxapp.info/es/tools/color-converter,https://toolbox.curioboxapp.info/es/tools/color-converter,200,Toolbox,1,https://toolbox.curioboxapp.info/es/tools,"index, follow",141418,5,0,,Una colección de herramientas útiles para todos,2026-03-28T06:51:10.888Z
https://toolbox.curioboxapp.info/it/tools/color-converter,https://toolbox.curioboxapp.info/it/tools/color-converter,200,Toolbox,1,https://toolbox.curioboxapp.info/it/tools,"index, follow",138591,5,0,,Una raccolta di strumenti utili per tutti,2026-03-28T06:51:11.154Z
https://toolbox.curioboxapp.info/nl/tools/color-converter,https://toolbox.curioboxapp.info/nl/tools/color-converter,200,Toolbox,1,https://toolbox.curioboxapp.info/nl/tools,"index, follow",138501,5,0,,Een verzameling handige tools voor iedereen,2026-03-28T06:51:11.395Z
https://toolbox.curioboxapp.info/ja/tools/color-converter,https://toolbox.curioboxapp.info/ja/tools/color-converter,200,Toolbox,1,https://toolbox.curioboxapp.info/ja/tools,"index, follow",118124,5,0,,みんなのための便利なツール集,2026-03-28T06:51:11.690Z
https://toolbox.curioboxapp.info/ru/tools/color-converter,https://toolbox.curioboxapp.info/ru/tools/color-converter,200,Toolbox,1,https://toolbox.curioboxapp.info/ru/tools,"index, follow",138993,5,0,,Коллекция полезных инструментов для всех,2026-03-28T06:51:11.945Z
https://toolbox.curioboxapp.info/en/tools/credit-card-validator,https://toolbox.curioboxapp.info/en/tools/credit-card-validator,200,Toolbox,1,https://toolbox.curioboxapp.info/en/tools,"index, follow",122534,5,0,,A collection of useful tools for everyone,2026-03-28T06:51:12.155Z
https://toolbox.curioboxapp.info/de/tools/credit-card-validator,https://toolbox.curioboxapp.info/de/tools/credit-card-validator,200,Toolbox,1,https://toolbox.curioboxapp.info/de/tools,"index, follow",117271,5,0,,Eine Sammlung nützlicher Tools für alle,2026-03-28T06:51:12.422Z
https://toolbox.curioboxapp.info/tr/tools/credit-card-validator,https://toolbox.curioboxapp.info/tr/tools/credit-card-validator,200,Toolbox,1,https://toolbox.curioboxapp.info/tr/tools,"index, follow",124028,5,0,,Herkes için faydalı araçlar koleksiyonu,2026-03-28T06:51:12.667Z
https://toolbox.curioboxapp.info/fr/tools/credit-card-validator,https://toolbox.curioboxapp.info/fr/tools/credit-card-validator,200,Toolbox,1,https://toolbox.curioboxapp.info/fr/tools,"index, follow",119027,5,0,,Une collection d&#x27;outils utiles pour tous,2026-03-28T06:51:12.909Z
https://toolbox.curioboxapp.info/pt/tools/credit-card-validator,https://toolbox.curioboxapp.info/pt/tools/credit-card-validator,200,Toolbox,1,https://toolbox.curioboxapp.info/pt/tools,"index, follow",116738,5,0,,Uma coleção de ferramentas úteis para todos,2026-03-28T06:51:13.091Z
https://toolbox.curioboxapp.info/es/tools/credit-card-validator,https://toolbox.curioboxapp.info/es/tools/credit-card-validator,200,Toolbox,1,https://toolbox.curioboxapp.info/es/tools,"index, follow",118393,5,0,,Una colección de herramientas útiles para todos,2026-03-28T06:51:13.294Z
https://toolbox.curioboxapp.info/it/tools/credit-card-validator,https://toolbox.curioboxapp.info/it/tools/credit-card-validator,200,Toolbox,1,https://toolbox.curioboxapp.info/it/tools,"index, follow",115557,5,0,,Una raccolta di strumenti utili per tutti,2026-03-28T06:51:13.544Z
https://toolbox.curioboxapp.info/nl/tools/credit-card-validator,https://toolbox.curioboxapp.info/nl/tools/credit-card-validator,200,Toolbox,1,https://toolbox.curioboxapp.info/nl/tools,"index, follow",115462,5,0,,Een verzameling handige tools voor iedereen,2026-03-28T06:51:13.755Z
https://toolbox.curioboxapp.info/ja/tools/credit-card-validator,https://toolbox.curioboxapp.info/ja/tools/credit-card-validator,200,Toolbox,1,https://toolbox.curioboxapp.info/ja/tools,"index, follow",95309,5,0,,みんなのための便利なツール集,2026-03-28T06:51:13.979Z
https://toolbox.curioboxapp.info/ru/tools/credit-card-validator,https://toolbox.curioboxapp.info/ru/tools/credit-card-validator,200,Toolbox,1,https://toolbox.curioboxapp.info/ru/tools,"index, follow",115969,5,0,,Коллекция полезных инструментов для всех,2026-03-28T06:51:14.217Z
https://toolbox.curioboxapp.info/en/tools/cron-expression-generator,https://toolbox.curioboxapp.info/en/tools/cron-expression-generator,200,Toolbox,1,https://toolbox.curioboxapp.info/en/tools,"index, follow",117916,5,0,,A collection of useful tools for everyone,2026-03-28T06:51:14.498Z
https://toolbox.curioboxapp.info/de/tools/cron-expression-generator,https://toolbox.curioboxapp.info/de/tools/cron-expression-generator,200,Toolbox,1,https://toolbox.curioboxapp.info/de/tools,"index, follow",113240,5,0,,Eine Sammlung nützlicher Tools für alle,2026-03-28T06:51:14.748Z
https://toolbox.curioboxapp.info/tr/tools/cron-expression-generator,https://toolbox.curioboxapp.info/tr/tools/cron-expression-generator,200,Toolbox,1,https://toolbox.curioboxapp.info/tr/tools,"index, follow",119362,5,0,,Herkes için faydalı araçlar koleksiyonu,2026-03-28T06:51:14.961Z
https://toolbox.curioboxapp.info/fr/tools/cron-expression-generator,https://toolbox.curioboxapp.info/fr/tools/cron-expression-generator,200,Toolbox,1,https://toolbox.curioboxapp.info/fr/tools,"index, follow",115101,5,0,,Une collection d&#x27;outils utiles pour tous,2026-03-28T06:51:15.199Z
https://toolbox.curioboxapp.info/pt/tools/cron-expression-generator,https://toolbox.curioboxapp.info/pt/tools/cron-expression-generator,200,Toolbox,1,https://toolbox.curioboxapp.info/pt/tools,"index, follow",112687,5,0,,Uma coleção de ferramentas úteis para todos,2026-03-28T06:51:15.467Z
https://toolbox.curioboxapp.info/es/tools/cron-expression-generator,https://toolbox.curioboxapp.info/es/tools/cron-expression-generator,200,Toolbox,1,https://toolbox.curioboxapp.info/es/tools,"index, follow",114350,5,0,,Una colección de herramientas útiles para todos,2026-03-28T06:51:15.726Z
https://toolbox.curioboxapp.info/it/tools/cron-expression-generator,https://toolbox.curioboxapp.info/it/tools/cron-expression-generator,200,Toolbox,1,https://toolbox.curioboxapp.info/it/tools,"index, follow",111583,5,0,,Una raccolta di strumenti utili per tutti,2026-03-28T06:51:15.926Z
https://toolbox.curioboxapp.info/nl/tools/cron-expression-generator,https://toolbox.curioboxapp.info/nl/tools/cron-expression-generator,200,Toolbox,1,https://toolbox.curioboxapp.info/nl/tools,"index, follow",111484,5,0,,Een verzameling handige tools voor iedereen,2026-03-28T06:51:16.158Z
https://toolbox.curioboxapp.info/ja/tools/cron-expression-generator,https://toolbox.curioboxapp.info/ja/tools/cron-expression-generator,200,Toolbox,1,https://toolbox.curioboxapp.info/ja/tools,"index, follow",91087,5,0,,みんなのための便利なツール集,2026-03-28T06:51:16.405Z
https://toolbox.curioboxapp.info/ru/tools/cron-expression-generator,https://toolbox.curioboxapp.info/ru/tools/cron-expression-generator,200,Toolbox,1,https://toolbox.curioboxapp.info/ru/tools,"index, follow",111996,5,0,,Коллекция полезных инструментов для всех,2026-03-28T06:51:16.669Z
https://toolbox.curioboxapp.info/en/tools/css-minifier,https://toolbox.curioboxapp.info/en/tools/css-minifier,200,Toolbox,1,https://toolbox.curioboxapp.info/en/tools,"index, follow",121665,5,0,,A collection of useful tools for everyone,2026-03-28T06:51:16.914Z
https://toolbox.curioboxapp.info/de/tools/css-minifier,https://toolbox.curioboxapp.info/de/tools/css-minifier,200,Toolbox,1,https://toolbox.curioboxapp.info/de/tools,"index, follow",116525,5,0,,Eine Sammlung nützlicher Tools für alle,2026-03-28T06:51:17.173Z
https://toolbox.curioboxapp.info/tr/tools/css-minifier,https://toolbox.curioboxapp.info/tr/tools/css-minifier,200,Toolbox,1,https://toolbox.curioboxapp.info/tr/tools,"index, follow",123153,5,0,,Herkes için faydalı araçlar koleksiyonu,2026-03-28T06:51:17.440Z
https://toolbox.curioboxapp.info/fr/tools/css-minifier,https://toolbox.curioboxapp.info/fr/tools/css-minifier,200,Toolbox,1,https://toolbox.curioboxapp.info/fr/tools,"index, follow",118229,5,0,,Une collection d&#x27;outils utiles pour tous,2026-03-28T06:51:17.692Z
https://toolbox.curioboxapp.info/pt/tools/css-minifier,https://toolbox.curioboxapp.info/pt/tools/css-minifier,200,Toolbox,1,https://toolbox.curioboxapp.info/pt/tools,"index, follow",115939,5,0,,Uma coleção de ferramentas úteis para todos,2026-03-28T06:51:17.906Z
https://toolbox.curioboxapp.info/es/tools/css-minifier,https://toolbox.curioboxapp.info/es/tools/css-minifier,200,Toolbox,1,https://toolbox.curioboxapp.info/es/tools,"index, follow",117587,5,0,,Una colección de herramientas útiles para todos,2026-03-28T06:51:18.151Z
https://toolbox.curioboxapp.info/it/tools/css-minifier,https://toolbox.curioboxapp.info/it/tools/css-minifier,200,Toolbox,1,https://toolbox.curioboxapp.info/it/tools,"index, follow",114798,5,0,,Una raccolta di strumenti utili per tutti,2026-03-28T06:51:18.349Z
https://toolbox.curioboxapp.info/nl/tools/css-minifier,https://toolbox.curioboxapp.info/nl/tools/css-minifier,200,Toolbox,1,https://toolbox.curioboxapp.info/nl/tools,"index, follow",114735,5,0,,Een verzameling handige tools voor iedereen,2026-03-28T06:51:18.594Z
https://toolbox.curioboxapp.info/ja/tools/css-minifier,https://toolbox.curioboxapp.info/ja/tools/css-minifier,200,Toolbox,1,https://toolbox.curioboxapp.info/ja/tools,"index, follow",94613,5,0,,みんなのための便利なツール集,2026-03-28T06:51:18.842Z
https://toolbox.curioboxapp.info/ru/tools/css-minifier,https://toolbox.curioboxapp.info/ru/tools/css-minifier,200,Toolbox,1,https://toolbox.curioboxapp.info/ru/tools,"index, follow",115233,5,0,,Коллекция полезных инструментов для всех,2026-03-28T06:51:19.099Z
https://toolbox.curioboxapp.info/en/tools/csv-to-json,https://toolbox.curioboxapp.info/en/tools/csv-to-json,200,Toolbox,1,https://toolbox.curioboxapp.info/en/tools,"index, follow",125672,5,0,,A collection of useful tools for everyone,2026-03-28T06:51:19.373Z
https://toolbox.curioboxapp.info/de/tools/csv-to-json,https://toolbox.curioboxapp.info/de/tools/csv-to-json,200,Toolbox,1,https://toolbox.curioboxapp.info/de/tools,"index, follow",120625,5,0,,Eine Sammlung nützlicher Tools für alle,2026-03-28T06:51:19.634Z
https://toolbox.curioboxapp.info/tr/tools/csv-to-json,https://toolbox.curioboxapp.info/tr/tools/csv-to-json,200,Toolbox,1,https://toolbox.curioboxapp.info/tr/tools,"index, follow",127084,5,0,,Herkes için faydalı araçlar koleksiyonu,2026-03-28T06:51:19.849Z
https://toolbox.curioboxapp.info/fr/tools/csv-to-json,https://toolbox.curioboxapp.info/fr/tools/csv-to-json,200,Toolbox,1,https://toolbox.curioboxapp.info/fr/tools,"index, follow",122351,5,0,,Une collection d&#x27;outils utiles pour tous,2026-03-28T06:51:20.123Z
https://toolbox.curioboxapp.info/pt/tools/csv-to-json,https://toolbox.curioboxapp.info/pt/tools/csv-to-json,200,Toolbox,1,https://toolbox.curioboxapp.info/pt/tools,"index, follow",120044,5,0,,Uma coleção de ferramentas úteis para todos,2026-03-28T06:51:20.421Z
https://toolbox.curioboxapp.info/es/tools/csv-to-json,https://toolbox.curioboxapp.info/es/tools/csv-to-json,200,Toolbox,1,https://toolbox.curioboxapp.info/es/tools,"index, follow",121685,5,0,,Una colección de herramientas útiles para todos,2026-03-28T06:51:20.641Z
https://toolbox.curioboxapp.info/it/tools/csv-to-json,https://toolbox.curioboxapp.info/it/tools/csv-to-json,200,Toolbox,1,https://toolbox.curioboxapp.info/it/tools,"index, follow",118869,5,0,,Una raccolta di strumenti utili per tutti,2026-03-28T06:51:20.861Z
https://toolbox.curioboxapp.info/nl/tools/csv-to-json,https://toolbox.curioboxapp.info/nl/tools/csv-to-json,200,Toolbox,1,https://toolbox.curioboxapp.info/nl/tools,"index, follow",118840,5,0,,Een verzameling handige tools voor iedereen,2026-03-28T06:51:21.096Z
https://toolbox.curioboxapp.info/ja/tools/csv-to-json,https://toolbox.curioboxapp.info/ja/tools/csv-to-json,200,Toolbox,1,https://toolbox.curioboxapp.info/ja/tools,"index, follow",98640,5,0,,みんなのための便利なツール集,2026-03-28T06:51:21.372Z
https://toolbox.curioboxapp.info/ru/tools/csv-to-json,https://toolbox.curioboxapp.info/ru/tools/csv-to-json,200,Toolbox,1,https://toolbox.curioboxapp.info/ru/tools,"index, follow",119324,5,0,,Коллекция полезных инструментов для всех,2026-03-28T06:51:21.633Z
https://toolbox.curioboxapp.info/en/tools/duplicate-remover,https://toolbox.curioboxapp.info/en/tools/duplicate-remover,200,Toolbox,1,https://toolbox.curioboxapp.info/en/tools,"index, follow",122396,5,0,,A collection of useful tools for everyone,2026-03-28T06:51:21.885Z
https://toolbox.curioboxapp.info/de/tools/duplicate-remover,https://toolbox.curioboxapp.info/de/tools/duplicate-remover,200,Toolbox,1,https://toolbox.curioboxapp.info/de/tools,"index, follow",117084,5,0,,Eine Sammlung nützlicher Tools für alle,2026-03-28T06:51:22.132Z
https://toolbox.curioboxapp.info/tr/tools/duplicate-remover,https://toolbox.curioboxapp.info/tr/tools/duplicate-remover,200,Toolbox,1,https://toolbox.curioboxapp.info/tr/tools,"index, follow",123890,5,0,,Herkes için faydalı araçlar koleksiyonu,2026-03-28T06:51:22.418Z
https://toolbox.curioboxapp.info/fr/tools/duplicate-remover,https://toolbox.curioboxapp.info/fr/tools/duplicate-remover,200,Toolbox,1,https://toolbox.curioboxapp.info/fr/tools,"index, follow",118804,5,0,,Une collection d&#x27;outils utiles pour tous,2026-03-28T06:51:22.635Z
https://toolbox.curioboxapp.info/pt/tools/duplicate-remover,https://toolbox.curioboxapp.info/pt/tools/duplicate-remover,200,Toolbox,1,https://toolbox.curioboxapp.info/pt/tools,"index, follow",116507,5,0,,Uma coleção de ferramentas úteis para todos,2026-03-28T06:51:22.851Z
https://toolbox.curioboxapp.info/es/tools/duplicate-remover,https://toolbox.curioboxapp.info/es/tools/duplicate-remover,200,Toolbox,1,https://toolbox.curioboxapp.info/es/tools,"index, follow",118177,5,0,,Una colección de herramientas útiles para todos,2026-03-28T06:51:23.089Z
https://toolbox.curioboxapp.info/it/tools/duplicate-remover,https://toolbox.curioboxapp.info/it/tools/duplicate-remover,200,Toolbox,1,https://toolbox.curioboxapp.info/it/tools,"index, follow",115339,5,0,,Una raccolta di strumenti utili per tutti,2026-03-28T06:51:23.411Z
https://toolbox.curioboxapp.info/nl/tools/duplicate-remover,https://toolbox.curioboxapp.info/nl/tools/duplicate-remover,200,Toolbox,1,https://toolbox.curioboxapp.info/nl/tools,"index, follow",115293,5,0,,Een verzameling handige tools voor iedereen,2026-03-28T06:51:23.667Z
https://toolbox.curioboxapp.info/ja/tools/duplicate-remover,https://toolbox.curioboxapp.info/ja/tools/duplicate-remover,200,Toolbox,1,https://toolbox.curioboxapp.info/ja/tools,"index, follow",95040,5,0,,みんなのための便利なツール集,2026-03-28T06:51:23.898Z
https://toolbox.curioboxapp.info/ru/tools/duplicate-remover,https://toolbox.curioboxapp.info/ru/tools/duplicate-remover,200,Toolbox,1,https://toolbox.curioboxapp.info/ru/tools,"index, follow",115798,5,0,,Коллекция полезных инструментов для всех,2026-03-28T06:51:24.165Z
https://toolbox.curioboxapp.info/en/tools/hash-generator,https://toolbox.curioboxapp.info/en/tools/hash-generator,200,Toolbox,1,https://toolbox.curioboxapp.info/en/tools,"index, follow",124273,5,0,,A collection of useful tools for everyone,2026-03-28T06:51:24.406Z
https://toolbox.curioboxapp.info/de/tools/hash-generator,https://toolbox.curioboxapp.info/de/tools/hash-generator,200,Toolbox,1,https://toolbox.curioboxapp.info/de/tools,"index, follow",119019,5,0,,Eine Sammlung nützlicher Tools für alle,2026-03-28T06:51:24.632Z
https://toolbox.curioboxapp.info/tr/tools/hash-generator,https://toolbox.curioboxapp.info/tr/tools/hash-generator,200,Toolbox,1,https://toolbox.curioboxapp.info/tr/tools,"index, follow",125831,5,0,,Herkes için faydalı araçlar koleksiyonu,2026-03-28T06:51:24.890Z
https://toolbox.curioboxapp.info/fr/tools/hash-generator,https://toolbox.curioboxapp.info/fr/tools/hash-generator,200,Toolbox,1,https://toolbox.curioboxapp.info/fr/tools,"index, follow",120762,5,0,,Une collection d&#x27;outils utiles pour tous,2026-03-28T06:51:25.128Z
https://toolbox.curioboxapp.info/pt/tools/hash-generator,https://toolbox.curioboxapp.info/pt/tools/hash-generator,200,Toolbox,1,https://toolbox.curioboxapp.info/pt/tools,"index, follow",118410,5,0,,Uma coleção de ferramentas úteis para todos,2026-03-28T06:51:25.407Z
https://toolbox.curioboxapp.info/es/tools/hash-generator,https://toolbox.curioboxapp.info/es/tools/hash-generator,200,Toolbox,1,https://toolbox.curioboxapp.info/es/tools,"index, follow",120110,5,0,,Una colección de herramientas útiles para todos,2026-03-28T06:51:25.651Z
https://toolbox.curioboxapp.info/it/tools/hash-generator,https://toolbox.curioboxapp.info/it/tools/hash-generator,200,Toolbox,1,https://toolbox.curioboxapp.info/it/tools,"index, follow",117263,5,0,,Una raccolta di strumenti utili per tutti,2026-03-28T06:51:25.867Z
https://toolbox.curioboxapp.info/nl/tools/hash-generator,https://toolbox.curioboxapp.info/nl/tools/hash-generator,200,Toolbox,1,https://toolbox.curioboxapp.info/nl/tools,"index, follow",117212,5,0,,Een verzameling handige tools voor iedereen,2026-03-28T06:51:26.089Z
https://toolbox.curioboxapp.info/ja/tools/hash-generator,https://toolbox.curioboxapp.info/ja/tools/hash-generator,200,Toolbox,1,https://toolbox.curioboxapp.info/ja/tools,"index, follow",96904,5,0,,みんなのための便利なツール集,2026-03-28T06:51:26.291Z
https://toolbox.curioboxapp.info/ru/tools/hash-generator,https://toolbox.curioboxapp.info/ru/tools/hash-generator,200,Toolbox,1,https://toolbox.curioboxapp.info/ru/tools,"index, follow",117670,5,0,,Коллекция полезных инструментов для всех,2026-03-28T06:51:26.532Z
https://toolbox.curioboxapp.info/en/tools/html-entity-encoder,https://toolbox.curioboxapp.info/en/tools/html-entity-encoder,200,Toolbox,1,https://toolbox.curioboxapp.info/en/tools,"index, follow",123771,5,0,,A collection of useful tools for everyone,2026-03-28T06:51:26.796Z
https://toolbox.curioboxapp.info/de/tools/html-entity-encoder,https://toolbox.curioboxapp.info/de/tools/html-entity-encoder,200,Toolbox,1,https://toolbox.curioboxapp.info/de/tools,"index, follow",118562,5,0,,Eine Sammlung nützlicher Tools für alle,2026-03-28T06:51:27.014Z
https://toolbox.curioboxapp.info/tr/tools/html-entity-encoder,https://toolbox.curioboxapp.info/tr/tools/html-entity-encoder,200,Toolbox,1,https://toolbox.curioboxapp.info/tr/tools,"index, follow",125248,5,0,,Herkes için faydalı araçlar koleksiyonu,2026-03-28T06:51:27.229Z
https://toolbox.curioboxapp.info/fr/tools/html-entity-encoder,https://toolbox.curioboxapp.info/fr/tools/html-entity-encoder,200,Toolbox,1,https://toolbox.curioboxapp.info/fr/tools,"index, follow",120270,5,0,,Une collection d&#x27;outils utiles pour tous,2026-03-28T06:51:27.499Z
https://toolbox.curioboxapp.info/pt/tools/html-entity-encoder,https://toolbox.curioboxapp.info/pt/tools/html-entity-encoder,200,Toolbox,1,https://toolbox.curioboxapp.info/pt/tools,"index, follow",118007,5,0,,Uma coleção de ferramentas úteis para todos,2026-03-28T06:51:27.765Z
https://toolbox.curioboxapp.info/es/tools/html-entity-encoder,https://toolbox.curioboxapp.info/es/tools/html-entity-encoder,200,Toolbox,1,https://toolbox.curioboxapp.info/es/tools,"index, follow",119657,5,0,,Una colección de herramientas útiles para todos,2026-03-28T06:51:27.960Z
https://toolbox.curioboxapp.info/it/tools/html-entity-encoder,https://toolbox.curioboxapp.info/it/tools/html-entity-encoder,200,Toolbox,1,https://toolbox.curioboxapp.info/it/tools,"index, follow",116826,5,0,,Una raccolta di strumenti utili per tutti,2026-03-28T06:51:28.215Z
https://toolbox.curioboxapp.info/nl/tools/html-entity-encoder,https://toolbox.curioboxapp.info/nl/tools/html-entity-encoder,200,Toolbox,1,https://toolbox.curioboxapp.info/nl/tools,"index, follow",116775,5,0,,Een verzameling handige tools voor iedereen,2026-03-28T06:51:28.441Z
https://toolbox.curioboxapp.info/ja/tools/html-entity-encoder,https://toolbox.curioboxapp.info/ja/tools/html-entity-encoder,200,Toolbox,1,https://toolbox.curioboxapp.info/ja/tools,"index, follow",96612,5,0,,みんなのための便利なツール集,2026-03-28T06:51:28.671Z
https://toolbox.curioboxapp.info/ru/tools/html-entity-encoder,https://toolbox.curioboxapp.info/ru/tools/html-entity-encoder,200,Toolbox,1,https://toolbox.curioboxapp.info/ru/tools,"index, follow",117286,5,0,,Коллекция полезных инструментов для всех,2026-03-28T06:51:28.866Z
https://toolbox.curioboxapp.info/en/tools/html-formatter,https://toolbox.curioboxapp.info/en/tools/html-formatter,200,Toolbox,1,https://toolbox.curioboxapp.info/en/tools,"index, follow",120255,5,0,,A collection of useful tools for everyone,2026-03-28T06:51:29.100Z
https://toolbox.curioboxapp.info/de/tools/html-formatter,https://toolbox.curioboxapp.info/de/tools/html-formatter,200,Toolbox,1,https://toolbox.curioboxapp.info/de/tools,"index, follow",115026,5,0,,Eine Sammlung nützlicher Tools für alle,2026-03-28T06:51:29.339Z
https://toolbox.curioboxapp.info/tr/tools/html-formatter,https://toolbox.curioboxapp.info/tr/tools/html-formatter,200,Toolbox,1,https://toolbox.curioboxapp.info/tr/tools,"index, follow",121802,5,0,,Herkes için faydalı araçlar koleksiyonu,2026-03-28T06:51:29.579Z
https://toolbox.curioboxapp.info/fr/tools/html-formatter,https://toolbox.curioboxapp.info/fr/tools/html-formatter,200,Toolbox,1,https://toolbox.curioboxapp.info/fr/tools,"index, follow",116721,5,0,,Une collection d&#x27;outils utiles pour tous,2026-03-28T06:51:29.775Z
https://toolbox.curioboxapp.info/pt/tools/html-formatter,https://toolbox.curioboxapp.info/pt/tools/html-formatter,200,Toolbox,1,https://toolbox.curioboxapp.info/pt/tools,"index, follow",114435,5,0,,Uma coleção de ferramentas úteis para todos,2026-03-28T06:51:30.018Z
https://toolbox.curioboxapp.info/es/tools/html-formatter,https://toolbox.curioboxapp.info/es/tools/html-formatter,200,Toolbox,1,https://toolbox.curioboxapp.info/es/tools,"index, follow",116086,5,0,,Una colección de herramientas útiles para todos,2026-03-28T06:51:30.249Z
https://toolbox.curioboxapp.info/it/tools/html-formatter,https://toolbox.curioboxapp.info/it/tools/html-formatter,200,Toolbox,1,https://toolbox.curioboxapp.info/it/tools,"index, follow",113285,5,0,,Una raccolta di strumenti utili per tutti,2026-03-28T06:51:30.498Z
https://toolbox.curioboxapp.info/nl/tools/html-formatter,https://toolbox.curioboxapp.info/nl/tools/html-formatter,200,Toolbox,1,https://toolbox.curioboxapp.info/nl/tools,"index, follow",113226,5,0,,Een verzameling handige tools voor iedereen,2026-03-28T06:51:30.772Z
https://toolbox.curioboxapp.info/ja/tools/html-formatter,https://toolbox.curioboxapp.info/ja/tools/html-formatter,200,Toolbox,1,https://toolbox.curioboxapp.info/ja/tools,"index, follow",93094,5,0,,みんなのための便利なツール集,2026-03-28T06:51:31.009Z
https://toolbox.curioboxapp.info/ru/tools/html-formatter,https://toolbox.curioboxapp.info/ru/tools/html-formatter,200,Toolbox,1,https://toolbox.curioboxapp.info/ru/tools,"index, follow",113733,5,0,,Коллекция полезных инструментов для всех,2026-03-28T06:51:31.217Z
https://toolbox.curioboxapp.info/en/tools/image-to-base64,https://toolbox.curioboxapp.info/en/tools/image-to-base64,200,Toolbox,1,https://toolbox.curioboxapp.info/en/tools,"index, follow",108828,5,0,,A collection of useful tools for everyone,2026-03-28T06:51:31.508Z
https://toolbox.curioboxapp.info/de/tools/image-to-base64,https://toolbox.curioboxapp.info/de/tools/image-to-base64,200,Toolbox,1,https://toolbox.curioboxapp.info/de/tools,"index, follow",104139,5,0,,Eine Sammlung nützlicher Tools für alle,2026-03-28T06:51:31.772Z
https://toolbox.curioboxapp.info/tr/tools/image-to-base64,https://toolbox.curioboxapp.info/tr/tools/image-to-base64,200,Toolbox,1,https://toolbox.curioboxapp.info/tr/tools,"index, follow",110265,5,0,,Herkes için faydalı araçlar koleksiyonu,2026-03-28T06:51:32.011Z
https://toolbox.curioboxapp.info/fr/tools/image-to-base64,https://toolbox.curioboxapp.info/fr/tools/image-to-base64,200,Toolbox,1,https://toolbox.curioboxapp.info/fr/tools,"index, follow",105855,5,0,,Une collection d&#x27;outils utiles pour tous,2026-03-28T06:51:32.224Z
https://toolbox.curioboxapp.info/pt/tools/image-to-base64,https://toolbox.curioboxapp.info/pt/tools/image-to-base64,200,Toolbox,1,https://toolbox.curioboxapp.info/pt/tools,"index, follow",103553,5,0,,Uma coleção de ferramentas úteis para todos,2026-03-28T06:51:32.445Z
https://toolbox.curioboxapp.info/es/tools/image-to-base64,https://toolbox.curioboxapp.info/es/tools/image-to-base64,200,Toolbox,1,https://toolbox.curioboxapp.info/es/tools,"index, follow",105150,5,0,,Una colección de herramientas útiles para todos,2026-03-28T06:51:32.693Z
https://toolbox.curioboxapp.info/it/tools/image-to-base64,https://toolbox.curioboxapp.info/it/tools/image-to-base64,200,Toolbox,1,https://toolbox.curioboxapp.info/it/tools,"index, follow",102426,5,0,,Una raccolta di strumenti utili per tutti,2026-03-28T06:51:32.904Z
https://toolbox.curioboxapp.info/nl/tools/image-to-base64,https://toolbox.curioboxapp.info/nl/tools/image-to-base64,200,Toolbox,1,https://toolbox.curioboxapp.info/nl/tools,"index, follow",102381,5,0,,Een verzameling handige tools voor iedereen,2026-03-28T06:51:33.152Z
https://toolbox.curioboxapp.info/ja/tools/image-to-base64,https://toolbox.curioboxapp.info/ja/tools/image-to-base64,200,Toolbox,1,https://toolbox.curioboxapp.info/ja/tools,"index, follow",82624,5,0,,みんなのための便利なツール集,2026-03-28T06:51:33.378Z
https://toolbox.curioboxapp.info/ru/tools/image-to-base64,https://toolbox.curioboxapp.info/ru/tools/image-to-base64,200,Toolbox,1,https://toolbox.curioboxapp.info/ru/tools,"index, follow",102849,5,0,,Коллекция полезных инструментов для всех,2026-03-28T06:51:33.629Z
https://toolbox.curioboxapp.info/en/tools/json-formatter,https://toolbox.curioboxapp.info/en/tools/json-formatter,200,Toolbox,1,https://toolbox.curioboxapp.info/en/tools,"index, follow",125405,5,0,,A collection of useful tools for everyone,2026-03-28T06:51:33.859Z
https://toolbox.curioboxapp.info/de/tools/json-formatter,https://toolbox.curioboxapp.info/de/tools/json-formatter,200,Toolbox,1,https://toolbox.curioboxapp.info/de/tools,"index, follow",119575,5,0,,Eine Sammlung nützlicher Tools für alle,2026-03-28T06:51:34.068Z
https://toolbox.curioboxapp.info/tr/tools/json-formatter,https://toolbox.curioboxapp.info/tr/tools/json-formatter,200,Toolbox,1,https://toolbox.curioboxapp.info/tr/tools,"index, follow",125901,5,0,,Herkes için faydalı araçlar koleksiyonu,2026-03-28T06:51:34.312Z
https://toolbox.curioboxapp.info/fr/tools/json-formatter,https://toolbox.curioboxapp.info/fr/tools/json-formatter,200,Toolbox,1,https://toolbox.curioboxapp.info/fr/tools,"index, follow",121241,5,0,,Une collection d&#x27;outils utiles pour tous,2026-03-28T06:51:34.558Z
https://toolbox.curioboxapp.info/pt/tools/json-formatter,https://toolbox.curioboxapp.info/pt/tools/json-formatter,200,Toolbox,1,https://toolbox.curioboxapp.info/pt/tools,"index, follow",118921,5,0,,Uma coleção de ferramentas úteis para todos,2026-03-28T06:51:34.815Z
https://toolbox.curioboxapp.info/es/tools/json-formatter,https://toolbox.curioboxapp.info/es/tools/json-formatter,200,Toolbox,1,https://toolbox.curioboxapp.info/es/tools,"index, follow",120614,5,0,,Una colección de herramientas útiles para todos,2026-03-28T06:51:35.023Z
https://toolbox.curioboxapp.info/it/tools/json-formatter,https://toolbox.curioboxapp.info/it/tools/json-formatter,200,Toolbox,1,https://toolbox.curioboxapp.info/it/tools,"index, follow",117762,5,0,,Una raccolta di strumenti utili per tutti,2026-03-28T06:51:35.276Z
https://toolbox.curioboxapp.info/nl/tools/json-formatter,https://toolbox.curioboxapp.info/nl/tools/json-formatter,200,Toolbox,1,https://toolbox.curioboxapp.info/nl/tools,"index, follow",117754,5,0,,Een verzameling handige tools voor iedereen,2026-03-28T06:51:35.515Z
https://toolbox.curioboxapp.info/ja/tools/json-formatter,https://toolbox.curioboxapp.info/ja/tools/json-formatter,200,Toolbox,1,https://toolbox.curioboxapp.info/ja/tools,"index, follow",97470,5,0,,みんなのための便利なツール集,2026-03-28T06:51:35.757Z
https://toolbox.curioboxapp.info/ru/tools/json-formatter,https://toolbox.curioboxapp.info/ru/tools/json-formatter,200,Toolbox,1,https://toolbox.curioboxapp.info/ru/tools,"index, follow",118255,5,0,,Коллекция полезных инструментов для всех,2026-03-28T06:51:36.022Z
https://toolbox.curioboxapp.info/en/tools/json-to-csv,https://toolbox.curioboxapp.info/en/tools/json-to-csv,200,Toolbox,1,https://toolbox.curioboxapp.info/en/tools,"index, follow",117180,5,0,,A collection of useful tools for everyone,2026-03-28T06:51:36.276Z
https://toolbox.curioboxapp.info/de/tools/json-to-csv,https://toolbox.curioboxapp.info/de/tools/json-to-csv,200,Toolbox,1,https://toolbox.curioboxapp.info/de/tools,"index, follow",112516,5,0,,Eine Sammlung nützlicher Tools für alle,2026-03-28T06:51:36.501Z
https://toolbox.curioboxapp.info/tr/tools/json-to-csv,https://toolbox.curioboxapp.info/tr/tools/json-to-csv,200,Toolbox,1,https://toolbox.curioboxapp.info/tr/tools,"index, follow",118654,5,0,,Herkes için faydalı araçlar koleksiyonu,2026-03-28T06:51:36.753Z
https://toolbox.curioboxapp.info/fr/tools/json-to-csv,https://toolbox.curioboxapp.info/fr/tools/json-to-csv,200,Toolbox,1,https://toolbox.curioboxapp.info/fr/tools,"index, follow",114249,5,0,,Une collection d&#x27;outils utiles pour tous,2026-03-28T06:51:36.977Z
https://toolbox.curioboxapp.info/pt/tools/json-to-csv,https://toolbox.curioboxapp.info/pt/tools/json-to-csv,200,Toolbox,1,https://toolbox.curioboxapp.info/pt/tools,"index, follow",111922,5,0,,Uma coleção de ferramentas úteis para todos,2026-03-28T06:51:37.189Z
https://toolbox.curioboxapp.info/es/tools/json-to-csv,https://toolbox.curioboxapp.info/es/tools/json-to-csv,200,Toolbox,1,https://toolbox.curioboxapp.info/es/tools,"index, follow",113529,5,0,,Una colección de herramientas útiles para todos,2026-03-28T06:51:37.405Z
https://toolbox.curioboxapp.info/it/tools/json-to-csv,https://toolbox.curioboxapp.info/it/tools/json-to-csv,200,Toolbox,1,https://toolbox.curioboxapp.info/it/tools,"index, follow",110778,5,0,,Una raccolta di strumenti utili per tutti,2026-03-28T06:51:37.658Z
https://toolbox.curioboxapp.info/nl/tools/json-to-csv,https://toolbox.curioboxapp.info/nl/tools/json-to-csv,200,Toolbox,1,https://toolbox.curioboxapp.info/nl/tools,"index, follow",110725,5,0,,Een verzameling handige tools voor iedereen,2026-03-28T06:51:37.889Z
https://toolbox.curioboxapp.info/ja/tools/json-to-csv,https://toolbox.curioboxapp.info/ja/tools/json-to-csv,200,Toolbox,1,https://toolbox.curioboxapp.info/ja/tools,"index, follow",90944,5,0,,みんなのための便利なツール集,2026-03-28T06:51:38.183Z
https://toolbox.curioboxapp.info/ru/tools/json-to-csv,https://toolbox.curioboxapp.info/ru/tools/json-to-csv,200,Toolbox,1,https://toolbox.curioboxapp.info/ru/tools,"index, follow",111232,5,0,,Коллекция полезных инструментов для всех,2026-03-28T06:51:38.445Z
https://toolbox.curioboxapp.info/en/tools/jwt-decoder,https://toolbox.curioboxapp.info/en/tools/jwt-decoder,200,Toolbox,1,https://toolbox.curioboxapp.info/en/tools,"index, follow",109091,5,0,,A collection of useful tools for everyone,2026-03-28T06:51:38.766Z
https://toolbox.curioboxapp.info/de/tools/jwt-decoder,https://toolbox.curioboxapp.info/de/tools/jwt-decoder,200,Toolbox,1,https://toolbox.curioboxapp.info/de/tools,"index, follow",104398,5,0,,Eine Sammlung nützlicher Tools für alle,2026-03-28T06:51:39.012Z
https://toolbox.curioboxapp.info/tr/tools/jwt-decoder,https://toolbox.curioboxapp.info/tr/tools/jwt-decoder,200,Toolbox,1,https://toolbox.curioboxapp.info/tr/tools,"index, follow",110548,5,0,,Herkes için faydalı araçlar koleksiyonu,2026-03-28T06:51:39.230Z
https://toolbox.curioboxapp.info/fr/tools/jwt-decoder,https://toolbox.curioboxapp.info/fr/tools/jwt-decoder,200,Toolbox,1,https://toolbox.curioboxapp.info/fr/tools,"index, follow",106132,5,0,,Une collection d&#x27;outils utiles pour tous,2026-03-28T06:51:39.487Z
https://toolbox.curioboxapp.info/pt/tools/jwt-decoder,https://toolbox.curioboxapp.info/pt/tools/jwt-decoder,200,Toolbox,1,https://toolbox.curioboxapp.info/pt/tools,"index, follow",103833,5,0,,Uma coleção de ferramentas úteis para todos,2026-03-28T06:51:39.752Z
https://toolbox.curioboxapp.info/es/tools/jwt-decoder,https://toolbox.curioboxapp.info/es/tools/jwt-decoder,200,Toolbox,1,https://toolbox.curioboxapp.info/es/tools,"index, follow",105435,5,0,,Una colección de herramientas útiles para todos,2026-03-28T06:51:39.968Z
https://toolbox.curioboxapp.info/it/tools/jwt-decoder,https://toolbox.curioboxapp.info/it/tools/jwt-decoder,200,Toolbox,1,https://toolbox.curioboxapp.info/it/tools,"index, follow",102701,5,0,,Una raccolta di strumenti utili per tutti,2026-03-28T06:51:40.195Z
https://toolbox.curioboxapp.info/nl/tools/jwt-decoder,https://toolbox.curioboxapp.info/nl/tools/jwt-decoder,200,Toolbox,1,https://toolbox.curioboxapp.info/nl/tools,"index, follow",102609,5,0,,Een verzameling handige tools voor iedereen,2026-03-28T06:51:40.421Z
https://toolbox.curioboxapp.info/ja/tools/jwt-decoder,https://toolbox.curioboxapp.info/ja/tools/jwt-decoder,200,Toolbox,1,https://toolbox.curioboxapp.info/ja/tools,"index, follow",82884,5,0,,みんなのための便利なツール集,2026-03-28T06:51:40.704Z
https://toolbox.curioboxapp.info/ru/tools/jwt-decoder,https://toolbox.curioboxapp.info/ru/tools/jwt-decoder,200,Toolbox,1,https://toolbox.curioboxapp.info/ru/tools,"index, follow",103108,5,0,,Коллекция полезных инструментов для всех,2026-03-28T06:51:40.973Z
https://toolbox.curioboxapp.info/en/tools/line-sorter,https://toolbox.curioboxapp.info/en/tools/line-sorter,200,Toolbox,1,https://toolbox.curioboxapp.info/en/tools,"index, follow",124387,5,0,,A collection of useful tools for everyone,2026-03-28T06:51:41.302Z
https://toolbox.curioboxapp.info/de/tools/line-sorter,https://toolbox.curioboxapp.info/de/tools/line-sorter,200,Toolbox,1,https://toolbox.curioboxapp.info/de/tools,"index, follow",119430,5,0,,Eine Sammlung nützlicher Tools für alle,2026-03-28T06:51:41.593Z
https://toolbox.curioboxapp.info/tr/tools/line-sorter,https://toolbox.curioboxapp.info/tr/tools/line-sorter,200,Toolbox,0,https://toolbox.curioboxapp.info/tr/tools,"index, follow",110629,5,0,,Herkes için faydalı araçlar koleksiyonu,2026-03-28T06:51:41.879Z
https://toolbox.curioboxapp.info/fr/tools/line-sorter,https://toolbox.curioboxapp.info/fr/tools/line-sorter,200,Toolbox,1,https://toolbox.curioboxapp.info/fr/tools,"index, follow",121138,5,0,,Une collection d&#x27;outils utiles pour tous,2026-03-28T06:51:42.124Z
https://toolbox.curioboxapp.info/pt/tools/line-sorter,https://toolbox.curioboxapp.info/pt/tools/line-sorter,200,Toolbox,1,https://toolbox.curioboxapp.info/pt/tools,"index, follow",118852,5,0,,Uma coleção de ferramentas úteis para todos,2026-03-28T06:51:42.424Z
https://toolbox.curioboxapp.info/es/tools/line-sorter,https://toolbox.curioboxapp.info/es/tools/line-sorter,200,Toolbox,1,https://toolbox.curioboxapp.info/es/tools,"index, follow",120497,5,0,,Una colección de herramientas útiles para todos,2026-03-28T06:51:42.715Z
https://toolbox.curioboxapp.info/it/tools/line-sorter,https://toolbox.curioboxapp.info/it/tools/line-sorter,200,Toolbox,1,https://toolbox.curioboxapp.info/it/tools,"index, follow",117685,5,0,,Una raccolta di strumenti utili per tutti,2026-03-28T06:51:42.989Z
https://toolbox.curioboxapp.info/nl/tools/line-sorter,https://toolbox.curioboxapp.info/nl/tools/line-sorter,200,Toolbox,1,https://toolbox.curioboxapp.info/nl/tools,"index, follow",117621,5,0,,Een verzameling handige tools voor iedereen,2026-03-28T06:51:43.180Z
https://toolbox.curioboxapp.info/ja/tools/line-sorter,https://toolbox.curioboxapp.info/ja/tools/line-sorter,200,Toolbox,1,https://toolbox.curioboxapp.info/ja/tools,"index, follow",97410,5,0,,みんなのための便利なツール集,2026-03-28T06:51:43.401Z
https://toolbox.curioboxapp.info/ru/tools/line-sorter,https://toolbox.curioboxapp.info/ru/tools/line-sorter,200,Toolbox,1,https://toolbox.curioboxapp.info/ru/tools,"index, follow",118125,5,0,,Коллекция полезных инструментов для всех,2026-03-28T06:51:43.613Z
https://toolbox.curioboxapp.info/en/tools/lorem-generator,https://toolbox.curioboxapp.info/en/tools/lorem-generator,200,Toolbox,1,https://toolbox.curioboxapp.info/en/tools,"index, follow",120634,5,0,,A collection of useful tools for everyone,2026-03-28T06:51:43.847Z
https://toolbox.curioboxapp.info/de/tools/lorem-generator,https://toolbox.curioboxapp.info/de/tools/lorem-generator,200,Toolbox,1,https://toolbox.curioboxapp.info/de/tools,"index, follow",115518,5,0,,Eine Sammlung nützlicher Tools für alle,2026-03-28T06:51:44.135Z
https://toolbox.curioboxapp.info/tr/tools/lorem-generator,https://toolbox.curioboxapp.info/tr/tools/lorem-generator,200,Toolbox,1,https://toolbox.curioboxapp.info/tr/tools,"index, follow",122034,5,0,,Herkes için faydalı araçlar koleksiyonu,2026-03-28T06:51:44.433Z
https://toolbox.curioboxapp.info/fr/tools/lorem-generator,https://toolbox.curioboxapp.info/fr/tools/lorem-generator,200,Toolbox,1,https://toolbox.curioboxapp.info/fr/tools,"index, follow",117242,5,0,,Une collection d&#x27;outils utiles pour tous,2026-03-28T06:51:44.697Z
https://toolbox.curioboxapp.info/pt/tools/lorem-generator,https://toolbox.curioboxapp.info/pt/tools/lorem-generator,200,Toolbox,1,https://toolbox.curioboxapp.info/pt/tools,"index, follow",114940,5,0,,Uma coleção de ferramentas úteis para todos,2026-03-28T06:51:44.903Z
https://toolbox.curioboxapp.info/es/tools/lorem-generator,https://toolbox.curioboxapp.info/es/tools/lorem-generator,200,Toolbox,1,https://toolbox.curioboxapp.info/es/tools,"index, follow",116582,5,0,,Una colección de herramientas útiles para todos,2026-03-28T06:51:45.157Z
https://toolbox.curioboxapp.info/it/tools/lorem-generator,https://toolbox.curioboxapp.info/it/tools/lorem-generator,200,Toolbox,1,https://toolbox.curioboxapp.info/it/tools,"index, follow",113773,5,0,,Una raccolta di strumenti utili per tutti,2026-03-28T06:51:45.404Z
https://toolbox.curioboxapp.info/nl/tools/lorem-generator,https://toolbox.curioboxapp.info/nl/tools/lorem-generator,200,Toolbox,1,https://toolbox.curioboxapp.info/nl/tools,"index, follow",113724,5,0,,Een verzameling handige tools voor iedereen,2026-03-28T06:51:45.670Z
https://toolbox.curioboxapp.info/ja/tools/lorem-generator,https://toolbox.curioboxapp.info/ja/tools/lorem-generator,200,Toolbox,1,https://toolbox.curioboxapp.info/ja/tools,"index, follow",93556,5,0,,みんなのための便利なツール集,2026-03-28T06:51:45.940Z
https://toolbox.curioboxapp.info/ru/tools/lorem-generator,https://toolbox.curioboxapp.info/ru/tools/lorem-generator,200,Toolbox,1,https://toolbox.curioboxapp.info/ru/tools,"index, follow",114225,5,0,,Коллекция полезных инструментов для всех,2026-03-28T06:51:46.149Z
https://toolbox.curioboxapp.info/en/tools/markdown-preview,https://toolbox.curioboxapp.info/en/tools/markdown-preview,200,Toolbox,1,https://toolbox.curioboxapp.info/en/tools,"index, follow",115606,5,0,,A collection of useful tools for everyone,2026-03-28T06:51:46.413Z
https://toolbox.curioboxapp.info/de/tools/markdown-preview,https://toolbox.curioboxapp.info/de/tools/markdown-preview,200,Toolbox,1,https://toolbox.curioboxapp.info/de/tools,"index, follow",110904,5,0,,Eine Sammlung nützlicher Tools für alle,2026-03-28T06:51:46.627Z
https://toolbox.curioboxapp.info/tr/tools/markdown-preview,https://toolbox.curioboxapp.info/tr/tools/markdown-preview,200,Toolbox,1,https://toolbox.curioboxapp.info/tr/tools,"index, follow",117041,5,0,,Herkes için faydalı araçlar koleksiyonu,2026-03-28T06:51:46.880Z
https://toolbox.curioboxapp.info/fr/tools/markdown-preview,https://toolbox.curioboxapp.info/fr/tools/markdown-preview,200,Toolbox,1,https://toolbox.curioboxapp.info/fr/tools,"index, follow",112616,5,0,,Une collection d&#x27;outils utiles pour tous,2026-03-28T06:51:47.084Z
https://toolbox.curioboxapp.info/pt/tools/markdown-preview,https://toolbox.curioboxapp.info/pt/tools/markdown-preview,200,Toolbox,1,https://toolbox.curioboxapp.info/pt/tools,"index, follow",110348,5,0,,Uma coleção de ferramentas úteis para todos,2026-03-28T06:51:47.295Z
https://toolbox.curioboxapp.info/es/tools/markdown-preview,https://toolbox.curioboxapp.info/es/tools/markdown-preview,200,Toolbox,1,https://toolbox.curioboxapp.info/es/tools,"index, follow",111982,5,0,,Una colección de herramientas útiles para todos,2026-03-28T06:51:47.535Z
https://toolbox.curioboxapp.info/it/tools/markdown-preview,https://toolbox.curioboxapp.info/it/tools/markdown-preview,200,Toolbox,1,https://toolbox.curioboxapp.info/it/tools,"index, follow",109158,5,0,,Una raccolta di strumenti utili per tutti,2026-03-28T06:51:47.760Z
https://toolbox.curioboxapp.info/nl/tools/markdown-preview,https://toolbox.curioboxapp.info/nl/tools/markdown-preview,200,Toolbox,1,https://toolbox.curioboxapp.info/nl/tools,"index, follow",109103,5,0,,Een verzameling handige tools voor iedereen,2026-03-28T06:51:48.010Z
https://toolbox.curioboxapp.info/ja/tools/markdown-preview,https://toolbox.curioboxapp.info/ja/tools/markdown-preview,200,Toolbox,1,https://toolbox.curioboxapp.info/ja/tools,"index, follow",89390,5,0,,みんなのための便利なツール集,2026-03-28T06:51:48.305Z
https://toolbox.curioboxapp.info/ru/tools/markdown-preview,https://toolbox.curioboxapp.info/ru/tools/markdown-preview,200,Toolbox,1,https://toolbox.curioboxapp.info/ru/tools,"index, follow",109632,5,0,,Коллекция полезных инструментов для всех,2026-03-28T06:51:48.540Z
https://toolbox.curioboxapp.info/en/tools/number-base-converter,https://toolbox.curioboxapp.info/en/tools/number-base-converter,200,Toolbox,0,https://toolbox.curioboxapp.info/en/tools,"index, follow",109276,5,0,,A collection of useful tools for everyone,2026-03-28T06:51:48.816Z
https://toolbox.curioboxapp.info/de/tools/number-base-converter,https://toolbox.curioboxapp.info/de/tools/number-base-converter,200,Toolbox,0,https://toolbox.curioboxapp.info/de/tools,"index, follow",104556,5,0,,Eine Sammlung nützlicher Tools für alle,2026-03-28T06:51:49.093Z
https://toolbox.curioboxapp.info/tr/tools/number-base-converter,https://toolbox.curioboxapp.info/tr/tools/number-base-converter,200,Toolbox,0,https://toolbox.curioboxapp.info/tr/tools,"index, follow",110692,5,0,,Herkes için faydalı araçlar koleksiyonu,2026-03-28T06:51:49.384Z
https://toolbox.curioboxapp.info/fr/tools/number-base-converter,https://toolbox.curioboxapp.info/fr/tools/number-base-converter,200,Toolbox,0,https://toolbox.curioboxapp.info/fr/tools,"index, follow",106259,5,0,,Une collection d&#x27;outils utiles pour tous,2026-03-28T06:51:49.697Z
https://toolbox.curioboxapp.info/pt/tools/number-base-converter,https://toolbox.curioboxapp.info/pt/tools/number-base-converter,200,Toolbox,0,https://toolbox.curioboxapp.info/pt/tools,"index, follow",103971,5,0,,Uma coleção de ferramentas úteis para todos,2026-03-28T06:51:50.049Z
https://toolbox.curioboxapp.info/es/tools/number-base-converter,https://toolbox.curioboxapp.info/es/tools/number-base-converter,200,Toolbox,0,https://toolbox.curioboxapp.info/es/tools,"index, follow",105578,5,0,,Una colección de herramientas útiles para todos,2026-03-28T06:51:50.326Z
https://toolbox.curioboxapp.info/it/tools/number-base-converter,https://toolbox.curioboxapp.info/it/tools/number-base-converter,200,Toolbox,0,https://toolbox.curioboxapp.info/it/tools,"index, follow",102826,5,0,,Una raccolta di strumenti utili per tutti,2026-03-28T06:51:50.570Z
https://toolbox.curioboxapp.info/nl/tools/number-base-converter,https://toolbox.curioboxapp.info/nl/tools/number-base-converter,200,Toolbox,0,https://toolbox.curioboxapp.info/nl/tools,"index, follow",102771,5,0,,Een verzameling handige tools voor iedereen,2026-03-28T06:51:50.811Z
https://toolbox.curioboxapp.info/ja/tools/number-base-converter,https://toolbox.curioboxapp.info/ja/tools/number-base-converter,200,Toolbox,0,https://toolbox.curioboxapp.info/ja/tools,"index, follow",83139,5,0,,みんなのための便利なツール集,2026-03-28T06:51:51.113Z
https://toolbox.curioboxapp.info/ru/tools/number-base-converter,https://toolbox.curioboxapp.info/ru/tools/number-base-converter,200,Toolbox,0,https://toolbox.curioboxapp.info/ru/tools,"index, follow",103264,5,0,,Коллекция полезных инструментов для всех,2026-03-28T06:51:51.407Z
https://toolbox.curioboxapp.info/en/tools/password-generator,https://toolbox.curioboxapp.info/en/tools/password-generator,200,Toolbox,1,https://toolbox.curioboxapp.info/en/tools,"index, follow",130804,5,0,,A collection of useful tools for everyone,2026-03-28T06:51:51.749Z
https://toolbox.curioboxapp.info/de/tools/password-generator,https://toolbox.curioboxapp.info/de/tools/password-generator,200,Toolbox,1,https://toolbox.curioboxapp.info/de/tools,"index, follow",125425,5,0,,Eine Sammlung nützlicher Tools für alle,2026-03-28T06:51:51.985Z
https://toolbox.curioboxapp.info/tr/tools/password-generator,https://toolbox.curioboxapp.info/tr/tools/password-generator,200,Toolbox,1,https://toolbox.curioboxapp.info/tr/tools,"index, follow",132242,5,0,,Herkes için faydalı araçlar koleksiyonu,2026-03-28T06:51:52.240Z
https://toolbox.curioboxapp.info/fr/tools/password-generator,https://toolbox.curioboxapp.info/fr/tools/password-generator,200,Toolbox,1,https://toolbox.curioboxapp.info/fr/tools,"index, follow",127170,5,0,,Une collection d&#x27;outils utiles pour tous,2026-03-28T06:51:52.537Z
https://toolbox.curioboxapp.info/pt/tools/password-generator,https://toolbox.curioboxapp.info/pt/tools/password-generator,200,Toolbox,1,https://toolbox.curioboxapp.info/pt/tools,"index, follow",124802,5,0,,Uma coleção de ferramentas úteis para todos,2026-03-28T06:51:52.793Z
https://toolbox.curioboxapp.info/es/tools/password-generator,https://toolbox.curioboxapp.info/es/tools/password-generator,200,Toolbox,1,https://toolbox.curioboxapp.info/es/tools,"index, follow",126503,5,0,,Una colección de herramientas útiles para todos,2026-03-28T06:51:52.995Z
https://toolbox.curioboxapp.info/it/tools/password-generator,https://toolbox.curioboxapp.info/it/tools/password-generator,200,Toolbox,1,https://toolbox.curioboxapp.info/it/tools,"index, follow",123634,5,0,,Una raccolta di strumenti utili per tutti,2026-03-28T06:51:53.249Z
https://toolbox.curioboxapp.info/nl/tools/password-generator,https://toolbox.curioboxapp.info/nl/tools/password-generator,200,Toolbox,1,https://toolbox.curioboxapp.info/nl/tools,"index, follow",123639,5,0,,Een verzameling handige tools voor iedereen,2026-03-28T06:51:53.457Z
https://toolbox.curioboxapp.info/ja/tools/password-generator,https://toolbox.curioboxapp.info/ja/tools/password-generator,200,Toolbox,1,https://toolbox.curioboxapp.info/ja/tools,"index, follow",103327,5,0,,みんなのための便利なツール集,2026-03-28T06:51:53.682Z
https://toolbox.curioboxapp.info/ru/tools/password-generator,https://toolbox.curioboxapp.info/ru/tools/password-generator,200,Toolbox,1,https://toolbox.curioboxapp.info/ru/tools,"index, follow",124086,5,0,,Коллекция полезных инструментов для всех,2026-03-28T06:51:53.884Z
https://toolbox.curioboxapp.info/en/tools/pdf-merge,https://toolbox.curioboxapp.info/en/tools/pdf-merge,200,Toolbox,1,https://toolbox.curioboxapp.info/en/tools,"index, follow",111998,5,0,,A collection of useful tools for everyone,2026-03-28T06:51:54.136Z
https://toolbox.curioboxapp.info/de/tools/pdf-merge,https://toolbox.curioboxapp.info/de/tools/pdf-merge,200,Toolbox,1,https://toolbox.curioboxapp.info/de/tools,"index, follow",107278,5,0,,Eine Sammlung nützlicher Tools für alle,2026-03-28T06:51:54.341Z
https://toolbox.curioboxapp.info/tr/tools/pdf-merge,https://toolbox.curioboxapp.info/tr/tools/pdf-merge,200,Toolbox,1,https://toolbox.curioboxapp.info/tr/tools,"index, follow",113465,5,0,,Herkes için faydalı araçlar koleksiyonu,2026-03-28T06:51:54.594Z
https://toolbox.curioboxapp.info/fr/tools/pdf-merge,https://toolbox.curioboxapp.info/fr/tools/pdf-merge,200,Toolbox,1,https://toolbox.curioboxapp.info/fr/tools,"index, follow",108981,5,0,,Une collection d&#x27;outils utiles pour tous,2026-03-28T06:51:54.811Z
https://toolbox.curioboxapp.info/pt/tools/pdf-merge,https://toolbox.curioboxapp.info/pt/tools/pdf-merge,200,Toolbox,1,https://toolbox.curioboxapp.info/pt/tools,"index, follow",106693,5,0,,Uma coleção de ferramentas úteis para todos,2026-03-28T06:51:55.057Z
https://toolbox.curioboxapp.info/es/tools/pdf-merge,https://toolbox.curioboxapp.info/es/tools/pdf-merge,200,Toolbox,1,https://toolbox.curioboxapp.info/es/tools,"index, follow",108300,5,0,,Una colección de herramientas útiles para todos,2026-03-28T06:51:55.302Z
https://toolbox.curioboxapp.info/it/tools/pdf-merge,https://toolbox.curioboxapp.info/it/tools/pdf-merge,200,Toolbox,1,https://toolbox.curioboxapp.info/it/tools,"index, follow",105548,5,0,,Una raccolta di strumenti utili per tutti,2026-03-28T06:51:55.545Z
https://toolbox.curioboxapp.info/nl/tools/pdf-merge,https://toolbox.curioboxapp.info/nl/tools/pdf-merge,200,Toolbox,1,https://toolbox.curioboxapp.info/nl/tools,"index, follow",105493,5,0,,Een verzameling handige tools voor iedereen,2026-03-28T06:51:55.829Z
https://toolbox.curioboxapp.info/ja/tools/pdf-merge,https://toolbox.curioboxapp.info/ja/tools/pdf-merge,200,Toolbox,1,https://toolbox.curioboxapp.info/ja/tools,"index, follow",85861,5,0,,みんなのための便利なツール集,2026-03-28T06:51:56.040Z
https://toolbox.curioboxapp.info/ru/tools/pdf-merge,https://toolbox.curioboxapp.info/ru/tools/pdf-merge,200,Toolbox,1,https://toolbox.curioboxapp.info/ru/tools,"index, follow",105986,5,0,,Коллекция полезных инструментов для всех,2026-03-28T06:51:56.273Z
https://toolbox.curioboxapp.info/en/tools/pdf-protect,https://toolbox.curioboxapp.info/en/tools/pdf-protect,200,Toolbox,1,https://toolbox.curioboxapp.info/en/tools,"index, follow",111759,5,0,,A collection of useful tools for everyone,2026-03-28T06:51:56.567Z
https://toolbox.curioboxapp.info/de/tools/pdf-protect,https://toolbox.curioboxapp.info/de/tools/pdf-protect,200,Toolbox,1,https://toolbox.curioboxapp.info/de/tools,"index, follow",107039,5,0,,Eine Sammlung nützlicher Tools für alle,2026-03-28T06:51:56.794Z
https://toolbox.curioboxapp.info/tr/tools/pdf-protect,https://toolbox.curioboxapp.info/tr/tools/pdf-protect,200,Toolbox,1,https://toolbox.curioboxapp.info/tr/tools,"index, follow",113218,5,0,,Herkes için faydalı araçlar koleksiyonu,2026-03-28T06:51:57.048Z
https://toolbox.curioboxapp.info/fr/tools/pdf-protect,https://toolbox.curioboxapp.info/fr/tools/pdf-protect,200,Toolbox,1,https://toolbox.curioboxapp.info/fr/tools,"index, follow",108742,5,0,,Une collection d&#x27;outils utiles pour tous,2026-03-28T06:51:57.294Z
https://toolbox.curioboxapp.info/pt/tools/pdf-protect,https://toolbox.curioboxapp.info/pt/tools/pdf-protect,200,Toolbox,1,https://toolbox.curioboxapp.info/pt/tools,"index, follow",106454,5,0,,Uma coleção de ferramentas úteis para todos,2026-03-28T06:51:57.552Z
https://toolbox.curioboxapp.info/es/tools/pdf-protect,https://toolbox.curioboxapp.info/es/tools/pdf-protect,200,Toolbox,1,https://toolbox.curioboxapp.info/es/tools,"index, follow",108061,5,0,,Una colección de herramientas útiles para todos,2026-03-28T06:51:57.791Z
https://toolbox.curioboxapp.info/it/tools/pdf-protect,https://toolbox.curioboxapp.info/it/tools/pdf-protect,200,Toolbox,1,https://toolbox.curioboxapp.info/it/tools,"index, follow",105309,5,0,,Una raccolta di strumenti utili per tutti,2026-03-28T06:51:58.072Z
https://toolbox.curioboxapp.info/nl/tools/pdf-protect,https://toolbox.curioboxapp.info/nl/tools/pdf-protect,200,Toolbox,1,https://toolbox.curioboxapp.info/nl/tools,"index, follow",105254,5,0,,Een verzameling handige tools voor iedereen,2026-03-28T06:51:58.295Z
https://toolbox.curioboxapp.info/ja/tools/pdf-protect,https://toolbox.curioboxapp.info/ja/tools/pdf-protect,200,Toolbox,1,https://toolbox.curioboxapp.info/ja/tools,"index, follow",85622,5,0,,みんなのための便利なツール集,2026-03-28T06:51:58.539Z
https://toolbox.curioboxapp.info/ru/tools/pdf-protect,https://toolbox.curioboxapp.info/ru/tools/pdf-protect,200,Toolbox,1,https://toolbox.curioboxapp.info/ru/tools,"index, follow",105747,5,0,,Коллекция полезных инструментов для всех,2026-03-28T06:51:58.756Z
https://toolbox.curioboxapp.info/en/tools/pdf-to-image,https://toolbox.curioboxapp.info/en/tools/pdf-to-image,200,Toolbox,1,https://toolbox.curioboxapp.info/en/tools,"index, follow",111864,5,0,,A collection of useful tools for everyone,2026-03-28T06:51:58.984Z
https://toolbox.curioboxapp.info/de/tools/pdf-to-image,https://toolbox.curioboxapp.info/de/tools/pdf-to-image,200,Toolbox,1,https://toolbox.curioboxapp.info/de/tools,"index, follow",107144,5,0,,Eine Sammlung nützlicher Tools für alle,2026-03-28T06:51:59.193Z
https://toolbox.curioboxapp.info/tr/tools/pdf-to-image,https://toolbox.curioboxapp.info/tr/tools/pdf-to-image,200,Toolbox,1,https://toolbox.curioboxapp.info/tr/tools,"index, follow",113385,5,0,,Herkes için faydalı araçlar koleksiyonu,2026-03-28T06:51:59.426Z
https://toolbox.curioboxapp.info/fr/tools/pdf-to-image,https://toolbox.curioboxapp.info/fr/tools/pdf-to-image,200,Toolbox,1,https://toolbox.curioboxapp.info/fr/tools,"index, follow",108847,5,0,,Une collection d&#x27;outils utiles pour tous,2026-03-28T06:51:59.653Z
https://toolbox.curioboxapp.info/pt/tools/pdf-to-image,https://toolbox.curioboxapp.info/pt/tools/pdf-to-image,200,Toolbox,1,https://toolbox.curioboxapp.info/pt/tools,"index, follow",106559,5,0,,Uma coleção de ferramentas úteis para todos,2026-03-28T06:51:59.852Z
https://toolbox.curioboxapp.info/es/tools/pdf-to-image,https://toolbox.curioboxapp.info/es/tools/pdf-to-image,200,Toolbox,1,https://toolbox.curioboxapp.info/es/tools,"index, follow",108166,5,0,,Una colección de herramientas útiles para todos,2026-03-28T06:52:00.139Z
https://toolbox.curioboxapp.info/it/tools/pdf-to-image,https://toolbox.curioboxapp.info/it/tools/pdf-to-image,200,Toolbox,1,https://toolbox.curioboxapp.info/it/tools,"index, follow",105414,5,0,,Una raccolta di strumenti utili per tutti,2026-03-28T06:52:00.441Z
https://toolbox.curioboxapp.info/nl/tools/pdf-to-image,https://toolbox.curioboxapp.info/nl/tools/pdf-to-image,200,Toolbox,1,https://toolbox.curioboxapp.info/nl/tools,"index, follow",105359,5,0,,Een verzameling handige tools voor iedereen,2026-03-28T06:52:00.657Z
https://toolbox.curioboxapp.info/ja/tools/pdf-to-image,https://toolbox.curioboxapp.info/ja/tools/pdf-to-image,200,Toolbox,1,https://toolbox.curioboxapp.info/ja/tools,"index, follow",85727,5,0,,みんなのための便利なツール集,2026-03-28T06:52:01.002Z
https://toolbox.curioboxapp.info/ru/tools/pdf-to-image,https://toolbox.curioboxapp.info/ru/tools/pdf-to-image,200,Toolbox,1,https://toolbox.curioboxapp.info/ru/tools,"index, follow",105852,5,0,,Коллекция полезных инструментов для всех,2026-03-28T06:52:01.259Z
https://toolbox.curioboxapp.info/en/tools/pdf-to-word,https://toolbox.curioboxapp.info/en/tools/pdf-to-word,200,Toolbox,1,https://toolbox.curioboxapp.info/en/tools,"index, follow",121543,5,0,,A collection of useful tools for everyone,2026-03-28T06:52:01.466Z
https://toolbox.curioboxapp.info/de/tools/pdf-to-word,https://toolbox.curioboxapp.info/de/tools/pdf-to-word,200,Toolbox,1,https://toolbox.curioboxapp.info/de/tools,"index, follow",115869,5,0,,Eine Sammlung nützlicher Tools für alle,2026-03-28T06:52:01.707Z
https://toolbox.curioboxapp.info/tr/tools/pdf-to-word,https://toolbox.curioboxapp.info/tr/tools/pdf-to-word,200,Toolbox,1,https://toolbox.curioboxapp.info/tr/tools,"index, follow",122965,5,0,,Herkes için faydalı araçlar koleksiyonu,2026-03-28T06:52:01.961Z
https://toolbox.curioboxapp.info/fr/tools/pdf-to-word,https://toolbox.curioboxapp.info/fr/tools/pdf-to-word,200,Toolbox,1,https://toolbox.curioboxapp.info/fr/tools,"index, follow",117552,5,0,,Une collection d&#x27;outils utiles pour tous,2026-03-28T06:52:02.185Z
https://toolbox.curioboxapp.info/pt/tools/pdf-to-word,https://toolbox.curioboxapp.info/pt/tools/pdf-to-word,200,Toolbox,1,https://toolbox.curioboxapp.info/pt/tools,"index, follow",115242,5,0,,Uma coleção de ferramentas úteis para todos,2026-03-28T06:52:02.439Z
https://toolbox.curioboxapp.info/es/tools/pdf-to-word,https://toolbox.curioboxapp.info/es/tools/pdf-to-word,200,Toolbox,1,https://toolbox.curioboxapp.info/es/tools,"index, follow",116929,5,0,,Una colección de herramientas útiles para todos,2026-03-28T06:52:02.690Z
https://toolbox.curioboxapp.info/it/tools/pdf-to-word,https://toolbox.curioboxapp.info/it/tools/pdf-to-word,200,Toolbox,1,https://toolbox.curioboxapp.info/it/tools,"index, follow",114079,5,0,,Una raccolta di strumenti utili per tutti,2026-03-28T06:52:02.901Z
https://toolbox.curioboxapp.info/nl/tools/pdf-to-word,https://toolbox.curioboxapp.info/nl/tools/pdf-to-word,200,Toolbox,1,https://toolbox.curioboxapp.info/nl/tools,"index, follow",114045,5,0,,Een verzameling handige tools voor iedereen,2026-03-28T06:52:03.109Z
https://toolbox.curioboxapp.info/ja/tools/pdf-to-word,https://toolbox.curioboxapp.info/ja/tools/pdf-to-word,200,Toolbox,1,https://toolbox.curioboxapp.info/ja/tools,"index, follow",93855,5,0,,みんなのための便利なツール集,2026-03-28T06:52:03.316Z
https://toolbox.curioboxapp.info/ru/tools/pdf-to-word,https://toolbox.curioboxapp.info/ru/tools/pdf-to-word,200,Toolbox,1,https://toolbox.curioboxapp.info/ru/tools,"index, follow",114534,5,0,,Коллекция полезных инструментов для всех,2026-03-28T06:52:03.533Z
https://toolbox.curioboxapp.info/en/tools/qr-generator,https://toolbox.curioboxapp.info/en/tools/qr-generator,200,Toolbox,1,https://toolbox.curioboxapp.info/en/tools,"index, follow",133098,5,0,,A collection of useful tools for everyone,2026-03-28T06:52:03.803Z
https://toolbox.curioboxapp.info/de/tools/qr-generator,https://toolbox.curioboxapp.info/de/tools/qr-generator,200,Toolbox,1,https://toolbox.curioboxapp.info/de/tools,"index, follow",127179,5,0,,Eine Sammlung nützlicher Tools für alle,2026-03-28T06:52:04.037Z
https://toolbox.curioboxapp.info/tr/tools/qr-generator,https://toolbox.curioboxapp.info/tr/tools/qr-generator,200,Toolbox,1,https://toolbox.curioboxapp.info/tr/tools,"index, follow",134465,5,0,,Herkes için faydalı araçlar koleksiyonu,2026-03-28T06:52:04.256Z
https://toolbox.curioboxapp.info/fr/tools/qr-generator,https://toolbox.curioboxapp.info/fr/tools/qr-generator,200,Toolbox,1,https://toolbox.curioboxapp.info/fr/tools,"index, follow",128903,5,0,,Une collection d&#x27;outils utiles pour tous,2026-03-28T06:52:04.530Z
https://toolbox.curioboxapp.info/pt/tools/qr-generator,https://toolbox.curioboxapp.info/pt/tools/qr-generator,200,Toolbox,1,https://toolbox.curioboxapp.info/pt/tools,"index, follow",126535,5,0,,Uma coleção de ferramentas úteis para todos,2026-03-28T06:52:04.763Z
https://toolbox.curioboxapp.info/es/tools/qr-generator,https://toolbox.curioboxapp.info/es/tools/qr-generator,200,Toolbox,1,https://toolbox.curioboxapp.info/es/tools,"index, follow",128238,5,0,,Una colección de herramientas útiles para todos,2026-03-28T06:52:05.028Z
https://toolbox.curioboxapp.info/it/tools/qr-generator,https://toolbox.curioboxapp.info/it/tools/qr-generator,200,Toolbox,1,https://toolbox.curioboxapp.info/it/tools,"index, follow",125367,5,0,,Una raccolta di strumenti utili per tutti,2026-03-28T06:52:05.243Z
https://toolbox.curioboxapp.info/nl/tools/qr-generator,https://toolbox.curioboxapp.info/nl/tools/qr-generator,200,Toolbox,1,https://toolbox.curioboxapp.info/nl/tools,"index, follow",125328,5,0,,Een verzameling handige tools voor iedereen,2026-03-28T06:52:05.483Z
https://toolbox.curioboxapp.info/ja/tools/qr-generator,https://toolbox.curioboxapp.info/ja/tools/qr-generator,200,Toolbox,1,https://toolbox.curioboxapp.info/ja/tools,"index, follow",104917,5,0,,みんなのための便利なツール集,2026-03-28T06:52:05.750Z
https://toolbox.curioboxapp.info/ru/tools/qr-generator,https://toolbox.curioboxapp.info/ru/tools/qr-generator,200,Toolbox,1,https://toolbox.curioboxapp.info/ru/tools,"index, follow",125784,5,0,,Коллекция полезных инструментов для всех,2026-03-28T06:52:05.977Z
https://toolbox.curioboxapp.info/en/tools/regex-tester,https://toolbox.curioboxapp.info/en/tools/regex-tester,200,Toolbox,1,https://toolbox.curioboxapp.info/en/tools,"index, follow",125132,5,0,,A collection of useful tools for everyone,2026-03-28T06:52:06.219Z
https://toolbox.curioboxapp.info/de/tools/regex-tester,https://toolbox.curioboxapp.info/de/tools/regex-tester,200,Toolbox,1,https://toolbox.curioboxapp.info/de/tools,"index, follow",120531,5,0,,Eine Sammlung nützlicher Tools für alle,2026-03-28T06:52:06.480Z
https://toolbox.curioboxapp.info/tr/tools/regex-tester,https://toolbox.curioboxapp.info/tr/tools/regex-tester,200,Toolbox,1,https://toolbox.curioboxapp.info/tr/tools,"index, follow",126670,5,0,,Herkes için faydalı araçlar koleksiyonu,2026-03-28T06:52:06.717Z
https://toolbox.curioboxapp.info/fr/tools/regex-tester,https://toolbox.curioboxapp.info/fr/tools/regex-tester,200,Toolbox,1,https://toolbox.curioboxapp.info/fr/tools,"index, follow",122382,5,0,,Une collection d&#x27;outils utiles pour tous,2026-03-28T06:52:06.956Z
https://toolbox.curioboxapp.info/pt/tools/regex-tester,https://toolbox.curioboxapp.info/pt/tools/regex-tester,200,Toolbox,1,https://toolbox.curioboxapp.info/pt/tools,"index, follow",120007,5,0,,Uma coleção de ferramentas úteis para todos,2026-03-28T06:52:07.332Z
https://toolbox.curioboxapp.info/es/tools/regex-tester,https://toolbox.curioboxapp.info/es/tools/regex-tester,200,Toolbox,1,https://toolbox.curioboxapp.info/es/tools,"index, follow",121643,5,0,,Una colección de herramientas útiles para todos,2026-03-28T06:52:07.587Z
https://toolbox.curioboxapp.info/it/tools/regex-tester,https://toolbox.curioboxapp.info/it/tools/regex-tester,200,Toolbox,1,https://toolbox.curioboxapp.info/it/tools,"index, follow",118683,5,0,,Una raccolta di strumenti utili per tutti,2026-03-28T06:52:07.822Z
https://toolbox.curioboxapp.info/nl/tools/regex-tester,https://toolbox.curioboxapp.info/nl/tools/regex-tester,200,Toolbox,1,https://toolbox.curioboxapp.info/nl/tools,"index, follow",118630,5,0,,Een verzameling handige tools voor iedereen,2026-03-28T06:52:08.114Z
https://toolbox.curioboxapp.info/ja/tools/regex-tester,https://toolbox.curioboxapp.info/ja/tools/regex-tester,200,Toolbox,1,https://toolbox.curioboxapp.info/ja/tools,"index, follow",98606,5,0,,みんなのための便利なツール集,2026-03-28T06:52:08.361Z
https://toolbox.curioboxapp.info/ru/tools/regex-tester,https://toolbox.curioboxapp.info/ru/tools/regex-tester,200,Toolbox,1,https://toolbox.curioboxapp.info/ru/tools,"index, follow",119270,5,0,,Коллекция полезных инструментов для всех,2026-03-28T06:52:08.582Z
https://toolbox.curioboxapp.info/en/tools/sql-formatter,https://toolbox.curioboxapp.info/en/tools/sql-formatter,200,Toolbox,1,https://toolbox.curioboxapp.info/en/tools,"index, follow",122033,5,0,,A collection of useful tools for everyone,2026-03-28T06:52:08.801Z
https://toolbox.curioboxapp.info/de/tools/sql-formatter,https://toolbox.curioboxapp.info/de/tools/sql-formatter,200,Toolbox,1,https://toolbox.curioboxapp.info/de/tools,"index, follow",116967,5,0,,Eine Sammlung nützlicher Tools für alle,2026-03-28T06:52:08.981Z
https://toolbox.curioboxapp.info/tr/tools/sql-formatter,https://toolbox.curioboxapp.info/tr/tools/sql-formatter,200,Toolbox,1,https://toolbox.curioboxapp.info/tr/tools,"index, follow",123600,5,0,,Herkes için faydalı araçlar koleksiyonu,2026-03-28T06:52:09.190Z
https://toolbox.curioboxapp.info/fr/tools/sql-formatter,https://toolbox.curioboxapp.info/fr/tools/sql-formatter,200,Toolbox,1,https://toolbox.curioboxapp.info/fr/tools,"index, follow",118663,5,0,,Une collection d&#x27;outils utiles pour tous,2026-03-28T06:52:09.428Z
https://toolbox.curioboxapp.info/pt/tools/sql-formatter,https://toolbox.curioboxapp.info/pt/tools/sql-formatter,200,Toolbox,1,https://toolbox.curioboxapp.info/pt/tools,"index, follow",116374,5,0,,Uma coleção de ferramentas úteis para todos,2026-03-28T06:52:09.655Z
https://toolbox.curioboxapp.info/es/tools/sql-formatter,https://toolbox.curioboxapp.info/es/tools/sql-formatter,200,Toolbox,1,https://toolbox.curioboxapp.info/es/tools,"index, follow",118025,5,0,,Una colección de herramientas útiles para todos,2026-03-28T06:52:09.869Z
https://toolbox.curioboxapp.info/it/tools/sql-formatter,https://toolbox.curioboxapp.info/it/tools/sql-formatter,200,Toolbox,1,https://toolbox.curioboxapp.info/it/tools,"index, follow",115206,5,0,,Una raccolta di strumenti utili per tutti,2026-03-28T06:52:10.117Z
https://toolbox.curioboxapp.info/nl/tools/sql-formatter,https://toolbox.curioboxapp.info/nl/tools/sql-formatter,200,Toolbox,1,https://toolbox.curioboxapp.info/nl/tools,"index, follow",115165,5,0,,Een verzameling handige tools voor iedereen,2026-03-28T06:52:10.349Z
https://toolbox.curioboxapp.info/ja/tools/sql-formatter,https://toolbox.curioboxapp.info/ja/tools/sql-formatter,200,Toolbox,1,https://toolbox.curioboxapp.info/ja/tools,"index, follow",95015,5,0,,みんなのための便利なツール集,2026-03-28T06:52:10.602Z
https://toolbox.curioboxapp.info/ru/tools/sql-formatter,https://toolbox.curioboxapp.info/ru/tools/sql-formatter,200,Toolbox,1,https://toolbox.curioboxapp.info/ru/tools,"index, follow",115672,5,0,,Коллекция полезных инструментов для всех,2026-03-28T06:52:10.853Z
https://toolbox.curioboxapp.info/en/tools/string-tools,https://toolbox.curioboxapp.info/en/tools/string-tools,200,Toolbox,1,https://toolbox.curioboxapp.info/en/tools,"index, follow",129609,5,0,,A collection of useful tools for everyone,2026-03-28T06:52:11.074Z
https://toolbox.curioboxapp.info/de/tools/string-tools,https://toolbox.curioboxapp.info/de/tools/string-tools,200,Toolbox,1,https://toolbox.curioboxapp.info/de/tools,"index, follow",125041,5,0,,Eine Sammlung nützlicher Tools für alle,2026-03-28T06:52:11.310Z
https://toolbox.curioboxapp.info/tr/tools/string-tools,https://toolbox.curioboxapp.info/tr/tools/string-tools,200,Toolbox,1,https://toolbox.curioboxapp.info/tr/tools,"index, follow",131028,5,0,,Herkes için faydalı araçlar koleksiyonu,2026-03-28T06:52:11.550Z
https://toolbox.curioboxapp.info/fr/tools/string-tools,https://toolbox.curioboxapp.info/fr/tools/string-tools,200,Toolbox,1,https://toolbox.curioboxapp.info/fr/tools,"index, follow",126760,5,0,,Une collection d&#x27;outils utiles pour tous,2026-03-28T06:52:11.764Z
https://toolbox.curioboxapp.info/pt/tools/string-tools,https://toolbox.curioboxapp.info/pt/tools/string-tools,200,Toolbox,1,https://toolbox.curioboxapp.info/pt/tools,"index, follow",124435,5,0,,Uma coleção de ferramentas úteis para todos,2026-03-28T06:52:11.973Z
https://toolbox.curioboxapp.info/es/tools/string-tools,https://toolbox.curioboxapp.info/es/tools/string-tools,200,Toolbox,1,https://toolbox.curioboxapp.info/es/tools,"index, follow",126070,5,0,,Una colección de herramientas útiles para todos,2026-03-28T06:52:12.257Z
https://toolbox.curioboxapp.info/it/tools/string-tools,https://toolbox.curioboxapp.info/it/tools/string-tools,200,Toolbox,1,https://toolbox.curioboxapp.info/it/tools,"index, follow",123165,5,0,,Una raccolta di strumenti utili per tutti,2026-03-28T06:52:12.592Z
https://toolbox.curioboxapp.info/nl/tools/string-tools,https://toolbox.curioboxapp.info/nl/tools/string-tools,200,Toolbox,1,https://toolbox.curioboxapp.info/nl/tools,"index, follow",123105,5,0,,Een verzameling handige tools voor iedereen,2026-03-28T06:52:12.860Z
https://toolbox.curioboxapp.info/ja/tools/string-tools,https://toolbox.curioboxapp.info/ja/tools/string-tools,200,Toolbox,1,https://toolbox.curioboxapp.info/ja/tools,"index, follow",103051,5,0,,みんなのための便利なツール集,2026-03-28T06:52:13.048Z
https://toolbox.curioboxapp.info/ru/tools/string-tools,https://toolbox.curioboxapp.info/ru/tools/string-tools,200,Toolbox,1,https://toolbox.curioboxapp.info/ru/tools,"index, follow",123719,5,0,,Коллекция полезных инструментов для всех,2026-03-28T06:52:13.298Z
https://toolbox.curioboxapp.info/en/tools/text-compare,https://toolbox.curioboxapp.info/en/tools/text-compare,200,Toolbox,1,https://toolbox.curioboxapp.info/en/tools,"index, follow",118713,5,0,,A collection of useful tools for everyone,2026-03-28T06:52:13.516Z
https://toolbox.curioboxapp.info/de/tools/text-compare,https://toolbox.curioboxapp.info/de/tools/text-compare,200,Toolbox,1,https://toolbox.curioboxapp.info/de/tools,"index, follow",114121,5,0,,Eine Sammlung nützlicher Tools für alle,2026-03-28T06:52:13.803Z
https://toolbox.curioboxapp.info/tr/tools/text-compare,https://toolbox.curioboxapp.info/tr/tools/text-compare,200,Toolbox,1,https://toolbox.curioboxapp.info/tr/tools,"index, follow",120214,5,0,,Herkes için faydalı araçlar koleksiyonu,2026-03-28T06:52:14.045Z
https://toolbox.curioboxapp.info/fr/tools/text-compare,https://toolbox.curioboxapp.info/fr/tools/text-compare,200,Toolbox,1,https://toolbox.curioboxapp.info/fr/tools,"index, follow",115828,5,0,,Une collection d&#x27;outils utiles pour tous,2026-03-28T06:52:14.287Z
https://toolbox.curioboxapp.info/pt/tools/text-compare,https://toolbox.curioboxapp.info/pt/tools/text-compare,200,Toolbox,1,https://toolbox.curioboxapp.info/pt/tools,"index, follow",113511,5,0,,Uma coleção de ferramentas úteis para todos,2026-03-28T06:52:14.505Z
https://toolbox.curioboxapp.info/es/tools/text-compare,https://toolbox.curioboxapp.info/es/tools/text-compare,200,Toolbox,1,https://toolbox.curioboxapp.info/es/tools,"index, follow",115119,5,0,,Una colección de herramientas útiles para todos,2026-03-28T06:52:14.756Z
https://toolbox.curioboxapp.info/it/tools/text-compare,https://toolbox.curioboxapp.info/it/tools/text-compare,200,Toolbox,1,https://toolbox.curioboxapp.info/it/tools,"index, follow",112345,5,0,,Una raccolta di strumenti utili per tutti,2026-03-28T06:52:14.976Z
https://toolbox.curioboxapp.info/nl/tools/text-compare,https://toolbox.curioboxapp.info/nl/tools/text-compare,200,Toolbox,1,https://toolbox.curioboxapp.info/nl/tools,"index, follow",112308,5,0,,Een verzameling handige tools voor iedereen,2026-03-28T06:52:15.229Z
https://toolbox.curioboxapp.info/ja/tools/text-compare,https://toolbox.curioboxapp.info/ja/tools/text-compare,200,Toolbox,1,https://toolbox.curioboxapp.info/ja/tools,"index, follow",92306,5,0,,みんなのための便利なツール集,2026-03-28T06:52:15.460Z
https://toolbox.curioboxapp.info/ru/tools/text-compare,https://toolbox.curioboxapp.info/ru/tools/text-compare,200,Toolbox,1,https://toolbox.curioboxapp.info/ru/tools,"index, follow",112743,5,0,,Коллекция полезных инструментов для всех,2026-03-28T06:52:15.707Z
https://toolbox.curioboxapp.info/en/tools/timestamp-converter,https://toolbox.curioboxapp.info/en/tools/timestamp-converter,200,Toolbox,1,https://toolbox.curioboxapp.info/en/tools,"index, follow",116621,5,0,,A collection of useful tools for everyone,2026-03-28T06:52:15.939Z
https://toolbox.curioboxapp.info/de/tools/timestamp-converter,https://toolbox.curioboxapp.info/de/tools/timestamp-converter,200,Toolbox,1,https://toolbox.curioboxapp.info/de/tools,"index, follow",111952,5,0,,Eine Sammlung nützlicher Tools für alle,2026-03-28T06:52:16.153Z
https://toolbox.curioboxapp.info/tr/tools/timestamp-converter,https://toolbox.curioboxapp.info/tr/tools/timestamp-converter,200,Toolbox,1,https://toolbox.curioboxapp.info/tr/tools,"index, follow",118058,5,0,,Herkes için faydalı araçlar koleksiyonu,2026-03-28T06:52:16.411Z
https://toolbox.curioboxapp.info/fr/tools/timestamp-converter,https://toolbox.curioboxapp.info/fr/tools/timestamp-converter,200,Toolbox,1,https://toolbox.curioboxapp.info/fr/tools,"index, follow",113650,5,0,,Une collection d&#x27;outils utiles pour tous,2026-03-28T06:52:16.619Z
https://toolbox.curioboxapp.info/pt/tools/timestamp-converter,https://toolbox.curioboxapp.info/pt/tools/timestamp-converter,200,Toolbox,1,https://toolbox.curioboxapp.info/pt/tools,"index, follow",111319,5,0,,Uma coleção de ferramentas úteis para todos,2026-03-28T06:52:16.835Z
https://toolbox.curioboxapp.info/es/tools/timestamp-converter,https://toolbox.curioboxapp.info/es/tools/timestamp-converter,200,Toolbox,1,https://toolbox.curioboxapp.info/es/tools,"index, follow",112930,5,0,,Una colección de herramientas útiles para todos,2026-03-28T06:52:17.064Z
https://toolbox.curioboxapp.info/it/tools/timestamp-converter,https://toolbox.curioboxapp.info/it/tools/timestamp-converter,200,Toolbox,1,https://toolbox.curioboxapp.info/it/tools,"index, follow",110177,5,0,,Una raccolta di strumenti utili per tutti,2026-03-28T06:52:17.299Z
https://toolbox.curioboxapp.info/nl/tools/timestamp-converter,https://toolbox.curioboxapp.info/nl/tools/timestamp-converter,200,Toolbox,1,https://toolbox.curioboxapp.info/nl/tools,"index, follow",110137,5,0,,Een verzameling handige tools voor iedereen,2026-03-28T06:52:17.538Z
https://toolbox.curioboxapp.info/ja/tools/timestamp-converter,https://toolbox.curioboxapp.info/ja/tools/timestamp-converter,200,Toolbox,1,https://toolbox.curioboxapp.info/ja/tools,"index, follow",90311,5,0,,みんなのための便利なツール集,2026-03-28T06:52:17.789Z
https://toolbox.curioboxapp.info/ru/tools/timestamp-converter,https://toolbox.curioboxapp.info/ru/tools/timestamp-converter,200,Toolbox,1,https://toolbox.curioboxapp.info/ru/tools,"index, follow",110661,5,0,,Коллекция полезных инструментов для всех,2026-03-28T06:52:18.060Z
https://toolbox.curioboxapp.info/en/tools/url-encoder,https://toolbox.curioboxapp.info/en/tools/url-encoder,200,Toolbox,1,https://toolbox.curioboxapp.info/en/tools,"index, follow",117065,5,0,,A collection of useful tools for everyone,2026-03-28T06:52:18.318Z
https://toolbox.curioboxapp.info/de/tools/url-encoder,https://toolbox.curioboxapp.info/de/tools/url-encoder,200,Toolbox,1,https://toolbox.curioboxapp.info/de/tools,"index, follow",112353,5,0,,Eine Sammlung nützlicher Tools für alle,2026-03-28T06:52:18.555Z
https://toolbox.curioboxapp.info/tr/tools/url-encoder,https://toolbox.curioboxapp.info/tr/tools/url-encoder,200,Toolbox,1,https://toolbox.curioboxapp.info/tr/tools,"index, follow",118494,5,0,,Herkes için faydalı araçlar koleksiyonu,2026-03-28T06:52:18.784Z
https://toolbox.curioboxapp.info/fr/tools/url-encoder,https://toolbox.curioboxapp.info/fr/tools/url-encoder,200,Toolbox,1,https://toolbox.curioboxapp.info/fr/tools,"index, follow",114060,5,0,,Une collection d&#x27;outils utiles pour tous,2026-03-28T06:52:18.982Z
https://toolbox.curioboxapp.info/pt/tools/url-encoder,https://toolbox.curioboxapp.info/pt/tools/url-encoder,200,Toolbox,1,https://toolbox.curioboxapp.info/pt/tools,"index, follow",111781,5,0,,Uma coleção de ferramentas úteis para todos,2026-03-28T06:52:19.210Z
https://toolbox.curioboxapp.info/es/tools/url-encoder,https://toolbox.curioboxapp.info/es/tools/url-encoder,200,Toolbox,1,https://toolbox.curioboxapp.info/es/tools,"index, follow",113388,5,0,,Una colección de herramientas útiles para todos,2026-03-28T06:52:19.485Z
https://toolbox.curioboxapp.info/it/tools/url-encoder,https://toolbox.curioboxapp.info/it/tools/url-encoder,200,Toolbox,1,https://toolbox.curioboxapp.info/it/tools,"index, follow",110616,5,0,,Una raccolta di strumenti utili per tutti,2026-03-28T06:52:19.736Z
https://toolbox.curioboxapp.info/nl/tools/url-encoder,https://toolbox.curioboxapp.info/nl/tools/url-encoder,200,Toolbox,1,https://toolbox.curioboxapp.info/nl/tools,"index, follow",110563,5,0,,Een verzameling handige tools voor iedereen,2026-03-28T06:52:19.961Z
https://toolbox.curioboxapp.info/ja/tools/url-encoder,https://toolbox.curioboxapp.info/ja/tools/url-encoder,200,Toolbox,1,https://toolbox.curioboxapp.info/ja/tools,"index, follow",90902,5,0,,みんなのための便利なツール集,2026-03-28T06:52:20.189Z
https://toolbox.curioboxapp.info/ru/tools/url-encoder,https://toolbox.curioboxapp.info/ru/tools/url-encoder,200,Toolbox,1,https://toolbox.curioboxapp.info/ru/tools,"index, follow",111061,5,0,,Коллекция полезных инструментов для всех,2026-03-28T06:52:20.439Z
https://toolbox.curioboxapp.info/en/tools/uuid-generator,https://toolbox.curioboxapp.info/en/tools/uuid-generator,200,Toolbox,1,https://toolbox.curioboxapp.info/en/tools,"index, follow",125121,5,0,,A collection of useful tools for everyone,2026-03-28T06:52:20.735Z
https://toolbox.curioboxapp.info/de/tools/uuid-generator,https://toolbox.curioboxapp.info/de/tools/uuid-generator,200,Toolbox,1,https://toolbox.curioboxapp.info/de/tools,"index, follow",119312,5,0,,Eine Sammlung nützlicher Tools für alle,2026-03-28T06:52:21.008Z
https://toolbox.curioboxapp.info/tr/tools/uuid-generator,https://toolbox.curioboxapp.info/tr/tools/uuid-generator,200,Toolbox,1,https://toolbox.curioboxapp.info/tr/tools,"index, follow",126505,5,0,,Herkes için faydalı araçlar koleksiyonu,2026-03-28T06:52:21.278Z
https://toolbox.curioboxapp.info/fr/tools/uuid-generator,https://toolbox.curioboxapp.info/fr/tools/uuid-generator,200,Toolbox,1,https://toolbox.curioboxapp.info/fr/tools,"index, follow",120985,5,0,,Une collection d&#x27;outils utiles pour tous,2026-03-28T06:52:21.500Z
https://toolbox.curioboxapp.info/pt/tools/uuid-generator,https://toolbox.curioboxapp.info/pt/tools/uuid-generator,200,Toolbox,1,https://toolbox.curioboxapp.info/pt/tools,"index, follow",118651,5,0,,Uma coleção de ferramentas úteis para todos,2026-03-28T06:52:21.750Z
https://toolbox.curioboxapp.info/es/tools/uuid-generator,https://toolbox.curioboxapp.info/es/tools/uuid-generator,200,Toolbox,1,https://toolbox.curioboxapp.info/es/tools,"index, follow",120352,5,0,,Una colección de herramientas útiles para todos,2026-03-28T06:52:21.971Z
https://toolbox.curioboxapp.info/it/tools/uuid-generator,https://toolbox.curioboxapp.info/it/tools/uuid-generator,200,Toolbox,1,https://toolbox.curioboxapp.info/it/tools,"index, follow",117497,5,0,,Una raccolta di strumenti utili per tutti,2026-03-28T06:52:22.194Z
https://toolbox.curioboxapp.info/nl/tools/uuid-generator,https://toolbox.curioboxapp.info/nl/tools/uuid-generator,200,Toolbox,1,https://toolbox.curioboxapp.info/nl/tools,"index, follow",117477,5,0,,Een verzameling handige tools voor iedereen,2026-03-28T06:52:22.392Z
https://toolbox.curioboxapp.info/ja/tools/uuid-generator,https://toolbox.curioboxapp.info/ja/tools/uuid-generator,200,Toolbox,1,https://toolbox.curioboxapp.info/ja/tools,"index, follow",97148,5,0,,みんなのための便利なツール集,2026-03-28T06:52:22.646Z
https://toolbox.curioboxapp.info/ru/tools/uuid-generator,https://toolbox.curioboxapp.info/ru/tools/uuid-generator,200,Toolbox,1,https://toolbox.curioboxapp.info/ru/tools,"index, follow",117945,5,0,,Коллекция полезных инструментов для всех,2026-03-28T06:52:22.876Z
https://toolbox.curioboxapp.info/en/tools/word-counter,https://toolbox.curioboxapp.info/en/tools/word-counter,200,Toolbox,1,https://toolbox.curioboxapp.info/en/tools,"index, follow",122958,5,0,,A collection of useful tools for everyone,2026-03-28T06:52:23.123Z
https://toolbox.curioboxapp.info/de/tools/word-counter,https://toolbox.curioboxapp.info/de/tools/word-counter,200,Toolbox,1,https://toolbox.curioboxapp.info/de/tools,"index, follow",117290,5,0,,Eine Sammlung nützlicher Tools für alle,2026-03-28T06:52:23.365Z
https://toolbox.curioboxapp.info/tr/tools/word-counter,https://toolbox.curioboxapp.info/tr/tools/word-counter,200,Toolbox,1,https://toolbox.curioboxapp.info/tr/tools,"index, follow",124387,5,0,,Herkes için faydalı araçlar koleksiyonu,2026-03-28T06:52:23.622Z
https://toolbox.curioboxapp.info/fr/tools/word-counter,https://toolbox.curioboxapp.info/fr/tools/word-counter,200,Toolbox,1,https://toolbox.curioboxapp.info/fr/tools,"index, follow",119037,5,0,,Une collection d&#x27;outils utiles pour tous,2026-03-28T06:52:23.867Z
https://toolbox.curioboxapp.info/pt/tools/word-counter,https://toolbox.curioboxapp.info/pt/tools/word-counter,200,Toolbox,1,https://toolbox.curioboxapp.info/pt/tools,"index, follow",116722,5,0,,Uma coleção de ferramentas úteis para todos,2026-03-28T06:52:24.076Z
https://toolbox.curioboxapp.info/es/tools/word-counter,https://toolbox.curioboxapp.info/es/tools/word-counter,200,Toolbox,1,https://toolbox.curioboxapp.info/es/tools,"index, follow",118409,5,0,,Una colección de herramientas útiles para todos,2026-03-28T06:52:24.314Z
https://toolbox.curioboxapp.info/it/tools/word-counter,https://toolbox.curioboxapp.info/it/tools/word-counter,200,Toolbox,1,https://toolbox.curioboxapp.info/it/tools,"index, follow",115530,5,0,,Una raccolta di strumenti utili per tutti,2026-03-28T06:52:24.547Z
https://toolbox.curioboxapp.info/nl/tools/word-counter,https://toolbox.curioboxapp.info/nl/tools/word-counter,200,Toolbox,1,https://toolbox.curioboxapp.info/nl/tools,"index, follow",115485,5,0,,Een verzameling handige tools voor iedereen,2026-03-28T06:52:24.806Z
https://toolbox.curioboxapp.info/ja/tools/word-counter,https://toolbox.curioboxapp.info/ja/tools/word-counter,200,Toolbox,1,https://toolbox.curioboxapp.info/ja/tools,"index, follow",95126,5,0,,みんなのための便利なツール集,2026-03-28T06:52:25.534Z
https://toolbox.curioboxapp.info/ru/tools/word-counter,https://toolbox.curioboxapp.info/ru/tools/word-counter,200,Toolbox,1,https://toolbox.curioboxapp.info/ru/tools,"index, follow",115967,5,0,,Коллекция полезных инструментов для всех,2026-03-28T06:52:25.745Z
https://toolbox.curioboxapp.info/en/tools/xml-formatter,https://toolbox.curioboxapp.info/en/tools/xml-formatter,200,Toolbox,1,https://toolbox.curioboxapp.info/en/tools,"index, follow",115025,5,0,,A collection of useful tools for everyone,2026-03-28T06:52:25.964Z
https://toolbox.curioboxapp.info/de/tools/xml-formatter,https://toolbox.curioboxapp.info/de/tools/xml-formatter,200,Toolbox,1,https://toolbox.curioboxapp.info/de/tools,"index, follow",110412,5,0,,Eine Sammlung nützlicher Tools für alle,2026-03-28T06:52:26.185Z
https://toolbox.curioboxapp.info/tr/tools/xml-formatter,https://toolbox.curioboxapp.info/tr/tools/xml-formatter,200,Toolbox,1,https://toolbox.curioboxapp.info/tr/tools,"index, follow",116551,5,0,,Herkes için faydalı araçlar koleksiyonu,2026-03-28T06:52:26.418Z
https://toolbox.curioboxapp.info/fr/tools/xml-formatter,https://toolbox.curioboxapp.info/fr/tools/xml-formatter,200,Toolbox,1,https://toolbox.curioboxapp.info/fr/tools,"index, follow",112139,5,0,,Une collection d&#x27;outils utiles pour tous,2026-03-28T06:52:26.710Z
https://toolbox.curioboxapp.info/pt/tools/xml-formatter,https://toolbox.curioboxapp.info/pt/tools/xml-formatter,200,Toolbox,1,https://toolbox.curioboxapp.info/pt/tools,"index, follow",109802,5,0,,Uma coleção de ferramentas úteis para todos,2026-03-28T06:52:26.922Z
https://toolbox.curioboxapp.info/es/tools/xml-formatter,https://toolbox.curioboxapp.info/es/tools/xml-formatter,200,Toolbox,1,https://toolbox.curioboxapp.info/es/tools,"index, follow",111429,5,0,,Una colección de herramientas útiles para todos,2026-03-28T06:52:27.212Z
https://toolbox.curioboxapp.info/it/tools/xml-formatter,https://toolbox.curioboxapp.info/it/tools/xml-formatter,200,Toolbox,1,https://toolbox.curioboxapp.info/it/tools,"index, follow",108605,5,0,,Una raccolta di strumenti utili per tutti,2026-03-28T06:52:27.456Z
https://toolbox.curioboxapp.info/nl/tools/xml-formatter,https://toolbox.curioboxapp.info/nl/tools/xml-formatter,200,Toolbox,1,https://toolbox.curioboxapp.info/nl/tools,"index, follow",108570,5,0,,Een verzameling handige tools voor iedereen,2026-03-28T06:52:27.684Z
https://toolbox.curioboxapp.info/ja/tools/xml-formatter,https://toolbox.curioboxapp.info/ja/tools/xml-formatter,200,Toolbox,1,https://toolbox.curioboxapp.info/ja/tools,"index, follow",88644,5,0,,みんなのための便利なツール集,2026-03-28T06:52:27.915Z
https://toolbox.curioboxapp.info/ru/tools/xml-formatter,https://toolbox.curioboxapp.info/ru/tools/xml-formatter,200,Toolbox,1,https://toolbox.curioboxapp.info/ru/tools,"index, follow",109075,5,0,,Коллекция полезных инструментов для всех,2026-03-28T06:52:28.140Z
https://toolbox.curioboxapp.info/en/tools/yaml-formatter,https://toolbox.curioboxapp.info/en/tools/yaml-formatter,200,Toolbox,1,https://toolbox.curioboxapp.info/en/tools,"index, follow",114385,5,0,,A collection of useful tools for everyone,2026-03-28T06:52:28.392Z
https://toolbox.curioboxapp.info/de/tools/yaml-formatter,https://toolbox.curioboxapp.info/de/tools/yaml-formatter,200,Toolbox,1,https://toolbox.curioboxapp.info/de/tools,"index, follow",109712,5,0,,Eine Sammlung nützlicher Tools für alle,2026-03-28T06:52:28.589Z
https://toolbox.curioboxapp.info/tr/tools/yaml-formatter,https://toolbox.curioboxapp.info/tr/tools/yaml-formatter,200,Toolbox,1,https://toolbox.curioboxapp.info/tr/tools,"index, follow",115859,5,0,,Herkes için faydalı araçlar koleksiyonu,2026-03-28T06:52:28.905Z
https://toolbox.curioboxapp.info/fr/tools/yaml-formatter,https://toolbox.curioboxapp.info/fr/tools/yaml-formatter,200,Toolbox,1,https://toolbox.curioboxapp.info/fr/tools,"index, follow",111398,5,0,,Une collection d&#x27;outils utiles pour tous,2026-03-28T06:52:29.164Z
https://toolbox.curioboxapp.info/pt/tools/yaml-formatter,https://toolbox.curioboxapp.info/pt/tools/yaml-formatter,200,Toolbox,1,https://toolbox.curioboxapp.info/pt/tools,"index, follow",109096,5,0,,Uma coleção de ferramentas úteis para todos,2026-03-28T06:52:29.398Z
https://toolbox.curioboxapp.info/es/tools/yaml-formatter,https://toolbox.curioboxapp.info/es/tools/yaml-formatter,200,Toolbox,1,https://toolbox.curioboxapp.info/es/tools,"index, follow",110712,5,0,,Una colección de herramientas útiles para todos,2026-03-28T06:52:29.591Z
https://toolbox.curioboxapp.info/it/tools/yaml-formatter,https://toolbox.curioboxapp.info/it/tools/yaml-formatter,200,Toolbox,1,https://toolbox.curioboxapp.info/it/tools,"index, follow",107957,5,0,,Una raccolta di strumenti utili per tutti,2026-03-28T06:52:29.843Z
https://toolbox.curioboxapp.info/nl/tools/yaml-formatter,https://toolbox.curioboxapp.info/nl/tools/yaml-formatter,200,Toolbox,1,https://toolbox.curioboxapp.info/nl/tools,"index, follow",107912,5,0,,Een verzameling handige tools voor iedereen,2026-03-28T06:52:30.088Z
https://toolbox.curioboxapp.info/ja/tools/yaml-formatter,https://toolbox.curioboxapp.info/ja/tools/yaml-formatter,200,Toolbox,1,https://toolbox.curioboxapp.info/ja/tools,"index, follow",88181,5,0,,みんなのための便利なツール集,2026-03-28T06:52:30.354Z
https://toolbox.curioboxapp.info/ru/tools/yaml-formatter,https://toolbox.curioboxapp.info/ru/tools/yaml-formatter,200,Toolbox,1,https://toolbox.curioboxapp.info/ru/tools,"index, follow",108419,5,0,,Коллекция полезных инструментов для всех,2026-03-28T06:52:30.569Z
https://toolbox.curioboxapp.info/en/privacy-policy,https://toolbox.curioboxapp.info/en/privacy-policy,200,Toolbox,1,,"index, follow",110570,6,1,,A collection of useful tools for everyone,2026-03-28T06:52:30.798Z
https://toolbox.curioboxapp.info/de/privacy-policy,https://toolbox.curioboxapp.info/de/privacy-policy,200,Toolbox,1,,"index, follow",106220,6,1,,Eine Sammlung nützlicher Tools für alle,2026-03-28T06:52:31.028Z
https://toolbox.curioboxapp.info/tr/privacy-policy,https://toolbox.curioboxapp.info/tr/privacy-policy,200,Toolbox,1,,"index, follow",112186,6,1,,Herkes için faydalı araçlar koleksiyonu,2026-03-28T06:52:31.228Z
https://toolbox.curioboxapp.info/fr/privacy-policy,https://toolbox.curioboxapp.info/fr/privacy-policy,200,Toolbox,1,,"index, follow",108182,6,1,,Une collection d&#x27;outils utiles pour tous,2026-03-28T06:52:31.447Z
https://toolbox.curioboxapp.info/pt/privacy-policy,https://toolbox.curioboxapp.info/pt/privacy-policy,200,Toolbox,1,,"index, follow",105478,6,1,,Uma coleção de ferramentas úteis para todos,2026-03-28T06:52:31.663Z
https://toolbox.curioboxapp.info/es/privacy-policy,https://toolbox.curioboxapp.info/es/privacy-policy,200,Toolbox,1,,"index, follow",107234,6,1,,Una colección de herramientas útiles para todos,2026-03-28T06:52:31.911Z
https://toolbox.curioboxapp.info/it/privacy-policy,https://toolbox.curioboxapp.info/it/privacy-policy,200,Toolbox,1,,"index, follow",104120,6,1,,Una raccolta di strumenti utili per tutti,2026-03-28T06:52:32.143Z
https://toolbox.curioboxapp.info/nl/privacy-policy,https://toolbox.curioboxapp.info/nl/privacy-policy,200,Toolbox,1,,"index, follow",104065,6,1,,Een verzameling handige tools voor iedereen,2026-03-28T06:52:32.398Z
https://toolbox.curioboxapp.info/ja/privacy-policy,https://toolbox.curioboxapp.info/ja/privacy-policy,200,Toolbox,1,,"index, follow",83387,6,1,,みんなのための便利なツール集,2026-03-28T06:52:32.695Z
https://toolbox.curioboxapp.info/ru/privacy-policy,https://toolbox.curioboxapp.info/ru/privacy-policy,200,Toolbox,1,,"index, follow",104558,6,1,,Коллекция полезных инструментов для всех,2026-03-28T06:52:32.933Z
